Cement,Water,Coarse,Fine,Strength
-1.5828e+00,4.8786e-01,-8.1123e-01,1.4756e+00,-8.0636e-01
-1.1701e+00,-2.6171e-01,2.2060e-01,1.9128e-01,-1.8110e-01
1.6492e-01,2.2551e-01,-1.2075e+00,5.1829e-01,4.1234e-01
1.6492e-01,-8.4263e-01,-2.5286e-01,1.2887e-01,5.7041e-03
-1.3563e+00,4.8786e-01,9.5395e-01,4.1470e-01,-1.2725e+00
-1.0714e-02,-4.3036e-01,-1.9010e+00,3.8973e-01,1.0244e+00
-8.7257e-01,2.1744e+00,-5.2561e-01,-1.2940e+00,1.0760e+00
-1.2478e+00,-7.0208e-01,2.3604e-01,-1.8414e-02,-1.2136e+00
-8.7257e-01,2.1744e+00,-5.2561e-01,-1.2940e+00,3.0542e-01
-1.3908e+00,-4.4910e-01,-6.4141e-01,-1.2076e-01,-4.0273e-01
-1.1797e+00,1.7996e+00,-9.6305e-01,-7.5732e-01,-1.6359e+00
-5.5822e-02,-1.0347e+00,1.0389e+00,4.7738e-02,9.3430e-01
-9.5511e-01,-5.6154e-01,1.0646e+00,5.1482e-02,-4.8082e-01
-1.3400e+00,1.0266e+00,-1.3557e-02,-3.1423e-01,2.3335e-01
-2.5833e-01,7.6895e-01,-6.2447e-02,1.1149e+00,-1.5896e+00
-7.7659e-01,3.9417e-01,2.2148e+00,-1.4188e+00,8.0936e-01
1.0757e+00,4.8786e-01,-4.1497e-01,1.4884e-01,7.8534e-01
9.1019e-02,-6.3181e-01,-1.4993e-01,1.1399e+00,-6.6373e-02
6.6303e-01,1.0032e+00,1.4747e-02,1.6534e-02,-1.0598e+00
6.5343e-01,4.8786e-01,9.5395e-01,4.0346e-01,-1.8350e-01
-8.5337e-01,4.8786e-01,-5.5392e-01,-7.1863e-01,-1.3806e+00
7.7583e-02,4.8786e-01,-7.6749e-01,1.5181e+00,-6.1296e-01
1.5844e+00,-9.1758e-01,-7.5313e-02,-7.6980e-01,1.1697e+00
5.4690e-01,-3.1324e-01,-3.6222e-01,-2.2311e-01,8.4841e-01
7.8396e-01,-7.8172e-01,-3.6222e-01,-2.2311e-01,-2.8533e-02
9.4615e-01,-1.2971e+00,2.0771e+00,-2.1053e+00,9.8655e-01
-4.9155e-01,6.3778e-01,7.1078e-01,-2.0065e-01,3.0542e-01
5.8625e-01,2.1744e+00,-5.2561e-01,-1.2940e+00,1.1583e+00
7.7583e-02,4.8786e-01,-7.6749e-01,1.5181e+00,-1.4491e+00
-9.5511e-01,-5.6154e-01,1.0646e+00,5.1482e-02,-1.3307e+00
-5.5822e-02,-1.0347e+00,1.0389e+00,4.7738e-02,1.3716e+00
6.5343e-01,4.8786e-01,9.5395e-01,4.0346e-01,2.2314e-01
3.1080e-01,-2.8513e-01,9.5266e-01,-2.0205e+00,1.7494e+00
-9.8774e-01,-7.9000e-02,4.4318e-01,-3.3545e-01,7.6972e-01
2.9595e-02,-1.2116e-01,-1.6835e+00,3.4105e-01,5.2526e-01
-6.7390e-01,1.9272e-01,5.3345e-02,-1.0531e+00,1.2223e-01
1.0757e+00,4.8786e-01,-4.2269e-01,-1.9565e-01,7.8173e-01
-1.2565e+00,-3.6477e-01,1.2409e+00,-1.2341e+00,9.9404e-02
9.1019e-02,-6.3181e-01,-1.4993e-01,1.1399e+00,5.5890e-01
3.5495e-01,1.3171e+00,-1.4455e+00,-4.6276e-01,2.5737e-01
1.8627e+00,-1.8546e+00,1.6101e+00,-1.6560e+00,1.2887e+00
-1.3908e+00,8.1580e-01,-1.6192e+00,1.1639e-01,-5.2887e-01
-9.8774e-01,-7.9000e-02,4.4318e-01,-3.3545e-01,2.0332e-01
1.3828e+00,-1.3158e+00,-1.5536e+00,1.4157e+00,-1.4265e-01
-4.3108e-01,4.8786e-01,-3.2646e-03,-3.0674e-01,-9.2229e-01
1.1602e+00,-1.6016e+00,-3.3520e-01,9.7886e-01,2.2779e+00
1.3732e+00,-1.6801e-01,-1.9408e+00,-2.9550e-01,1.7974e+00
-1.8251e-01,6.4715e-01,-9.9907e-01,-5.1268e-01,-1.2343e-01
6.5343e-01,4.8786e-01,1.0697e+00,4.4091e-01,-1.1956e+00
-3.9653e-01,1.9272e-01,-4.0210e-01,-1.3652e+00,2.2013e-01
-3.6627e-02,-9.8317e-01,1.3461e-02,1.2722e+00,9.1688e-01
5.5746e-01,7.2211e-01,-6.2447e-02,9.1423e-02,4.0541e-02
1.9587e+00,-1.6672e+00,1.8931e+00,3.2857e-01,2.1752e+00
6.5343e-01,4.8786e-01,9.5395e-01,4.0346e-01,3.1684e-01
-2.9480e-01,1.0266e+00,6.1064e-02,-9.9322e-01,-1.5644e+00
9.0297e-01,-2.5760e+00,-1.5536e+00,2.7325e+00,1.6052e+00
2.2946e+00,-5.4280e-01,-1.5163e+00,1.0151e+00,1.4719e+00
1.8051e+00,-2.0513e+00,-1.5536e+00,8.3408e-01,2.6578e-01
-2.7944e-01,-1.6625e+00,4.2645e-01,1.5742e+00,5.0244e-01
1.8627e+00,-2.2782e-02,-1.5536e+00,9.7664e-02,1.9536e+00
4.3269e-01,-3.5541e-01,-1.1689e+00,2.0376e-01,1.5289e+00
2.7913e-01,-6.3649e-01,-7.5720e-01,3.7850e-01,5.7211e-01
3.1752e-01,-1.2585e-01,-1.3349e+00,-1.0419e+00,6.2797e-01
1.3828e+00,-1.3158e+00,-1.5536e+00,1.4157e+00,8.0636e-01
1.4477e-01,2.0677e-01,1.5072e+00,-5.8355e-02,-1.0130e+00
2.9595e-02,-1.2116e-01,-1.6835e+00,3.4105e-01,4.7781e-01
8.9337e-01,-5.3811e-01,-6.0152e-01,-2.1188e-01,-8.2590e-02
-4.5220e-01,7.6427e-01,-3.3263e-01,9.8011e-01,-7.2980e-02
-1.4196e+00,4.8786e-01,-5.8480e-01,8.1785e-01,-1.3283e+00
-1.0309e+00,-7.8641e-01,4.2902e-01,2.4744e-01,1.2184e+00
9.6439e-01,1.9272e-01,1.6950e+00,1.3261e-01,-7.9796e-01
-2.8328e-01,3.2390e-01,7.1464e-01,-1.9940e-01,-1.8710e-01
-4.1093e-01,1.9272e-01,1.8777e+00,1.9502e-01,-1.5277e+00
-1.0895e+00,-2.8513e-01,4.3031e-01,-3.3794e-01,-2.3816e-01
-2.5833e-01,7.6895e-01,-6.2447e-02,1.1149e+00,-5.3067e-01
2.9595e-02,-6.2244e-01,-3.1569e-02,2.5618e-01,3.0963e-01
-1.4124e-01,-1.7270e-01,-8.1252e-01,-3.6415e-01,2.1893e-01
2.7913e-01,4.8786e-01,-3.6715e-02,9.5265e-01,-4.7181e-01
-8.3898e-01,1.9272e-01,3.2610e-01,-8.6591e-01,-1.1157e+00
5.5746e-01,7.2211e-01,-6.2447e-02,9.1423e-02,-3.6341e-02
1.1602e+00,-1.6016e+00,-3.3520e-01,9.7886e-01,3.1984e-01
-5.9520e-01,-1.0816e+00,1.3618e+00,2.6492e-01,8.9794e-02
1.9107e+00,4.8786e-01,-4.7415e-01,-6.5747e-01,4.8742e-01
2.7913e-01,4.8786e-01,-2.3850e-02,9.6014e-01,-1.5560e+00
1.3732e+00,-6.3649e-01,-1.9408e+00,-2.9550e-01,2.7119e-01
7.4941e-01,-1.2924e+00,-3.9696e-01,3.4105e-01,1.4244e+00
-7.5977e-02,8.1580e-01,-5.3848e-01,-1.4573e-01,-2.1233e-01
1.4285e-01,1.9272e-01,1.5252e+00,-5.4611e-02,-6.3398e-01
6.5343e-01,4.8786e-01,1.0697e+00,4.4091e-01,2.9341e-01
-1.1221e+00,-2.7467e-02,-1.5935e+00,9.0272e-01,-1.2424e+00
2.4865e+00,-4.0225e-01,1.9575e+00,-2.0055e+00,1.4406e+00
-6.5566e-01,-1.0394e+00,3.9815e-01,1.6242e+00,5.1805e-01
6.6303e-01,1.0032e+00,1.4747e-02,1.6534e-02,-5.0664e-01
-6.6142e-01,-1.0581e+00,1.4480e+00,3.2233e-01,1.6367e-01
-1.3160e+00,-1.6333e-01,-4.0339e-01,7.7970e-03,-5.7812e-01
-1.4196e+00,4.8786e-01,-5.8480e-01,8.1785e-01,-1.7356e+00
-7.7896e-02,1.9272e-01,5.0879e-01,-7.4110e-01,-9.6133e-01
-1.3563e+00,4.8786e-01,9.5395e-01,4.1470e-01,-1.6647e+00
7.4941e-01,-1.2924e+00,-3.9696e-01,3.4105e-01,-6.3999e-01
1.1429e+00,2.5362e-01,6.7090e-01,-3.5791e-01,4.7601e-01
-1.2277e+00,-1.6801e-01,3.7499e-01,-1.0569e+00,-6.1356e-01
-6.4511e-01,5.3268e-03,1.1958e+00,1.4634e-01,-1.0676e+00
-1.1893e+00,8.6265e-01,-1.9794e+00,-8.6966e-01,-1.6368e-01
-1.2181e+00,2.1744e+00,-1.6449e+00,-2.0180e+00,-6.8684e-01
-1.0837e+00,-2.8009e+00,1.1045e+00,8.0190e-02,-1.0785e+00
2.3138e+00,-1.6672e+00,-9.8878e-01,1.5268e+00,8.8504e-01
-6.6142e-01,-1.0581e+00,1.4480e+00,3.2233e-01,-9.7635e-01
-1.1691e+00,-2.8045e-01,2.1545e-01,1.9003e-01,-1.8050e-01
-1.1720e+00,1.9272e-01,8.7161e-01,-4.9147e-01,-1.5710e+00
-1.3563e+00,4.8786e-01,9.5395e-01,4.1470e-01,-4.5259e-01
2.0163e+00,9.0950e-01,-1.9408e+00,-9.3206e-01,-3.7390e-01
-2.7272e-01,1.9272e-01,1.7851e+00,1.3261e-01,-9.6133e-01
-2.4873e-01,4.8786e-01,-1.0685e+00,2.1384e+00,-1.5349e+00
-4.1189e-01,1.5993e-01,1.8674e+00,1.9128e-01,-1.0953e+00
-3.0536e-01,-1.1003e+00,1.9229e-01,1.4394e+00,3.7570e-01
-4.3108e-01,5.3471e-01,-6.2447e-02,1.3895e+00,-6.4239e-01
-2.9672e-01,-1.0581e+00,-1.4519e+00,3.2857e-01,1.9278e+00
-1.1605e+00,-6.3649e-01,9.7968e-01,-1.0694e+00,2.2073e-01
-1.0415e+00,-1.1612e+00,4.3031e-01,1.0325e+00,-3.6189e-01
-9.5511e-01,-5.6154e-01,1.0646e+00,5.1482e-02,-8.5141e-01
4.8068e-01,4.8786e-01,6.6210e-02,6.4061e-01,-2.5978e-01
2.1771e-01,1.4951e+00,-9.9521e-01,-6.3875e-01,-1.4145e-01
-9.5511e-01,-5.6154e-01,1.0646e+00,5.1482e-02,-1.2315e-02
2.3114e-01,6.7526e-01,-1.7824e-01,-8.5718e-01,-3.3967e-01
-5.6161e-01,3.6137e-01,-7.4026e-02,1.2060e+00,-6.5380e-01
3.0792e-01,-1.6801e-01,3.7499e-01,-1.0569e+00,3.1684e-01
2.1026e+00,-1.4329e+00,7.7383e-01,-1.4813e+00,2.0461e+00
2.1026e+00,8.6265e-01,1.9575e+00,-2.0055e+00,6.8743e-01
-4.3108e-01,5.8156e-01,-6.2447e-02,1.3895e+00,-8.3039e-01
-6.5566e-01,-1.0394e+00,3.9815e-01,1.6242e+00,9.7602e-02
2.1506e+00,6.2841e-01,7.3523e-01,-1.7933e+00,1.6965e+00
4.8068e-01,4.8786e-01,6.7090e-01,5.9069e-01,-2.4236e-01
-1.0357e+00,4.8786e-01,-3.3520e-01,1.0375e+00,-1.7320e+00
-1.2085e+00,5.3471e-01,-1.2332e+00,1.1773e+00,-1.5638e+00
1.0181e+00,-1.1518e+00,-4.4842e-01,8.9024e-01,6.3966e-02
-7.5740e-01,1.1437e+00,-3.9696e-01,3.4105e-01,-7.5231e-01
-1.2958e+00,9.7977e-01,-1.8765e+00,1.2247e+00,-1.8350e-01
-3.6627e-02,-9.8317e-01,1.3461e-02,1.2722e+00,1.1932e+00
1.5844e+00,-9.1758e-01,-7.5313e-02,-7.6980e-01,9.7514e-01
-8.6969e-01,-9.2227e-01,1.4827e+00,3.6103e-01,-4.3877e-01
-2.9672e-01,4.7849e-01,-3.0818e-01,1.0425e+00,-6.6762e-01
-2.8328e-01,3.2390e-01,7.1464e-01,-1.9940e-01,-1.3608e+00
2.1026e+00,-1.9482e+00,-8.8178e-02,9.9010e-01,1.9097e+00
-1.4196e+00,6.7526e-01,-3.0690e-01,2.6617e-01,-2.8501e-01
1.5844e+00,-9.1758e-01,-7.5313e-02,-7.6980e-01,-7.4630e-01
9.4615e-01,-1.2971e+00,2.0771e+00,-2.1053e+00,1.1487e+00
7.1824e-02,-1.9612e-01,-8.3568e-01,6.9678e-01,3.8231e-01
1.6237e+00,8.6265e-01,1.9498e+00,-2.0030e+00,2.1653e-01
9.9894e-01,-1.1050e+00,-8.9872e-01,-7.0837e-02,1.1878e+00
-2.7656e-01,5.7219e-01,-1.7672e+00,5.9568e-01,-1.4265e-01
-1.3400e+00,1.0266e+00,-1.3557e-02,-3.1423e-01,-3.5348e-01
1.8627e+00,-2.2782e-02,-1.5536e+00,9.7664e-02,2.3074e+00
1.3828e+00,-1.4142e+00,-4.7415e-01,3.7475e-01,1.5632e+00
1.0460e+00,-1.6718e+00,-3.6222e-01,-2.2311e-01,2.8981e-01
-6.5662e-01,-1.0441e+00,4.4961e-01,1.6217e+00,-5.6851e-01
-6.4511e-01,-1.2549e+00,1.0376e+00,3.4008e-02,-1.0935e+00
-2.9672e-01,2.7236e-01,-2.0526e-01,1.0924e+00,-6.5200e-01
-9.4935e-01,-5.3343e-01,1.1135e+00,8.7679e-02,4.6399e-01
8.9100e-02,1.9272e-01,3.2610e-01,-8.6591e-01,-1.6428e-01
-1.3045e+00,-2.7467e-02,7.9076e-02,4.7835e-01,-1.3560e+00
6.5343e-01,4.8786e-01,1.0697e+00,4.4091e-01,-1.3004e-01
-1.0837e+00,-2.8009e+00,1.1045e+00,8.0190e-02,-6.9284e-01
-6.4511e-01,5.3268e-03,1.1958e+00,1.4634e-01,5.9674e-01
5.2866e-01,1.9381e-02,1.6914e-01,5.4076e-01,5.4568e-01
2.7913e-01,4.8786e-01,5.0365e-01,7.0302e-01,-1.1133e+00
-1.6567e+00,1.0266e+00,-4.4585e-01,9.4017e-01,-3.9312e-01
4.8068e-01,4.8786e-01,6.6210e-02,6.4061e-01,3.2825e-01
-2.7464e-01,-1.6531e+00,1.9229e-01,1.4394e+00,1.2046e+00
-5.9520e-01,-1.0816e+00,1.3618e+00,2.6492e-01,-5.8413e-01
-2.9672e-01,2.7236e-01,-2.0526e-01,1.0924e+00,-1.3187e+00
4.1062e-01,1.0371e-01,-3.8795e-01,-1.4201e+00,2.3380e+00
8.0305e-04,2.0677e-01,1.6873e+00,4.0526e-03,-1.2779e+00
-5.3666e-01,-2.7467e-02,1.8031e+00,7.4046e-01,-1.4779e+00
7.4941e-01,-1.2924e+00,-3.9696e-01,3.4105e-01,1.9806e+00
-1.1893e+00,4.8786e-01,-4.8187e-01,9.3920e-02,-1.2704e-01
-2.0074e-01,-4.9595e-01,-4.7415e-01,-1.3324e-01,8.4060e-01
5.8625e-01,2.1744e+00,-5.2561e-01,-1.2940e+00,1.2232e+00
-1.0415e+00,-1.1612e+00,4.3031e-01,1.0325e+00,-8.7003e-01
2.2562e+00,-9.1758e-01,-2.2110e+00,3.5354e-01,3.3606e-01
-1.3045e+00,1.1308e-01,-1.7993e+00,1.3271e+00,-3.9733e-01
1.0460e+00,-1.6718e+00,-3.6222e-01,-2.2311e-01,2.3260e+00
-9.3111e-01,1.0266e+00,-1.7567e-01,3.2857e-01,-1.5007e+00
-4.1669e-01,2.1744e+00,-5.2561e-01,-2.2426e+00,2.8528e-02
-6.0192e-01,-1.9108e+00,1.3232e+00,2.3746e-01,1.1854e+00
9.4615e-01,-1.2971e+00,2.0771e+00,-2.1053e+00,6.8023e-01
-6.4415e-01,5.3268e-03,1.1984e+00,1.4759e-01,-1.0773e+00
6.5343e-01,4.8786e-01,9.5395e-01,4.0346e-01,3.8171e-01
2.1026e+00,8.6265e-01,1.9575e+00,-2.0055e+00,-1.5407e-01
4.9987e-01,4.8786e-01,-5.3591e-01,8.6029e-01,3.5468e-01
-1.2219e+00,1.8043e+00,-6.3883e-01,-1.4451e+00,-1.1577e+00
-8.6969e-01,-9.2227e-01,1.4827e+00,3.6103e-01,-1.5812e+00
4.9507e-01,2.1744e+00,-5.2561e-01,-2.2426e+00,2.6999e-01
-1.3141e+00,-1.1050e+00,-3.8409e-01,8.7776e-01,-1.2226e+00
1.5844e+00,-9.1758e-01,-7.5313e-02,-7.6980e-01,1.5193e+00
-8.6969e-01,-9.2227e-01,1.4827e+00,3.6103e-01,2.7719e-01
-6.6142e-01,-1.0581e+00,1.4480e+00,3.2233e-01,7.2347e-01
9.5095e-01,2.1744e+00,-5.2561e-01,-1.2940e+00,1.0406e+00
1.5172e+00,2.0677e-01,-1.1316e+00,-8.2098e-01,2.1172e-01
-2.8328e-01,3.2390e-01,7.1464e-01,-1.9940e-01,7.1775e-02
2.9595e-02,-1.2116e-01,-1.6835e+00,3.4105e-01,-1.3439e+00
1.1429e+00,2.5362e-01,6.7090e-01,-3.5791e-01,-3.3846e-01
4.9507e-01,2.1744e+00,-5.2561e-01,-2.2426e+00,-1.6548e-01
1.5844e+00,-9.1758e-01,-7.5313e-02,-7.6980e-01,-2.4929e-02
1.3828e+00,-1.3158e+00,-1.5536e+00,1.4157e+00,1.4725e+00
-6.3359e-01,-1.2174e+00,5.3324e-01,8.6431e-02,1.2526e+00
8.0305e-04,1.5993e-01,1.6873e+00,4.0526e-03,-8.0096e-01
3.1560e-01,-5.4748e-01,-6.1181e-01,1.1514e-01,1.6127e-01
-2.8328e-01,3.2390e-01,7.1464e-01,-1.9940e-01,5.0664e-01
1.0335e+00,-1.1097e+00,-1.5536e+00,1.8975e+00,-4.6100e-01
1.4285e-01,1.9272e-01,1.5252e+00,-5.4611e-02,-1.2574e+00
-6.5662e-01,-1.0441e+00,4.4961e-01,1.6217e+00,4.0693e-01
9.9894e-01,2.0677e-01,-8.8178e-02,-1.3324e-01,-1.7722e+00
-3.7587e-02,4.4102e-01,-6.2447e-02,1.0275e+00,-2.7179e-01
-1.1125e+00,-3.0387e-01,4.2388e-01,-3.3794e-01,6.3758e-01
-4.5220e-01,7.6427e-01,-3.3263e-01,9.8011e-01,-8.1898e-01
2.0163e+00,9.0950e-01,-1.9408e+00,-9.3206e-01,1.5668e+00
1.6204e-01,9.2355e-01,-1.2152e+00,-1.4775e+00,1.0658e+00
-5.5822e-02,-1.0347e+00,1.0389e+00,4.7738e-02,1.2659e+00
-1.6567e+00,1.0266e+00,-4.4585e-01,9.4017e-01,-9.1208e-01
7.8396e-01,-7.8172e-01,-3.6222e-01,-2.2311e-01,2.6143e+00
-1.1893e+00,4.8786e-01,-4.8187e-01,9.3920e-02,-1.5668e+00
2.7913e-01,4.8786e-01,-3.6715e-02,9.5265e-01,9.3398e-02
2.1026e+00,8.6265e-01,1.9575e+00,-2.0055e+00,9.1688e-01
4.7588e-01,6.2372e-01,-2.0824e+00,3.5728e-01,1.2520e+00
9.5095e-01,2.1744e+00,-5.2561e-01,-2.2426e+00,2.9942e-01
3.1752e-01,-1.2116e-01,-1.3362e+00,-1.0444e+00,6.2797e-01
-1.2027e+00,-6.0261e-02,6.3230e-01,-9.4829e-01,9.5200e-02
2.4865e+00,-4.0225e-01,1.9575e+00,-2.0055e+00,1.0112e+00
2.4865e+00,-4.0225e-01,1.9575e+00,-2.0055e+00,2.3062e+00
1.4068e+00,2.1744e+00,-5.2561e-01,-2.2426e+00,4.7601e-01
5.5746e-01,7.2211e-01,-6.2447e-02,9.1423e-02,-1.3548e+00
-8.7257e-01,2.1744e+00,-5.2561e-01,-1.2940e+00,6.7001e-01
1.3732e+00,-6.3649e-01,-1.9408e+00,-2.9550e-01,2.3176e+00
6.6303e-01,1.0032e+00,1.4747e-02,1.6534e-02,-2.6579e-01
9.1256e-01,1.5466e+00,3.9429e-01,-1.4073e-01,4.3757e-01
2.0235e-01,1.0032e+00,1.4747e-02,5.4076e-01,-1.0598e+00
3.0792e-01,-1.6801e-01,-1.3619e+00,6.2813e-01,5.1745e-01
1.4477e-01,4.8786e-01,1.4428e+00,-1.0828e-01,-8.4841e-01
-1.1202e+00,-1.8097e-02,-1.5896e+00,9.0272e-01,-1.2424e+00
-1.1739e+00,-3.0387e-01,-2.5157e-01,-6.7370e-01,-4.8622e-01
-1.0895e+00,-2.8513e-01,4.3031e-01,-3.3794e-01,1.0742e+00
1.0181e+00,-1.1518e+00,-4.4842e-01,8.9024e-01,6.5500e-01
1.4068e+00,2.1744e+00,-5.2561e-01,-2.2426e+00,3.4627e-01
-6.4703e-01,-1.2643e+00,1.0221e+00,2.2775e-02,9.4030e-01
-3.2743e-01,-1.7936e+00,1.4660e+00,3.3981e-01,1.4743e+00
1.6396e-01,2.0677e-01,-1.2075e+00,5.1580e-01,4.1234e-01
-1.2104e+00,5.4877e-01,-1.2307e+00,1.1736e+00,-1.5638e+00
2.3426e+00,3.4732e-01,1.9575e+00,-2.0055e+00,1.3818e+00
7.8396e-01,-7.8172e-01,-3.6222e-01,-2.2311e-01,2.4942e+00
1.0335e+00,-1.1097e+00,-1.5536e+00,1.8975e+00,1.3109e+00
-7.5740e-01,1.1437e+00,-3.9696e-01,3.4105e-01,-1.5572e+00
-1.2661e+00,6.6230e-02,-2.5543e-01,7.8942e-02,-7.3609e-01
-1.2277e+00,4.8786e-01,-1.0917e+00,2.1147e+00,-5.6791e-01
-5.6161e-01,3.6137e-01,-7.4026e-02,1.2060e+00,2.9642e-01
-8.6585e-01,-9.1290e-01,1.5072e+00,3.7850e-01,-2.6130e-02
3.0504e-01,-1.6333e-01,3.4540e-01,6.0566e-01,-6.4119e-01
-4.1093e-01,2.3957e-01,-2.9532e-01,9.1521e-01,-9.5172e-01
-6.4511e-01,-1.2549e+00,1.0376e+00,3.4008e-02,8.5922e-01
5.5746e-01,1.5993e-01,1.2370e+00,-2.4558e-01,-2.3635e-01
-6.6142e-01,1.0266e+00,7.0280e-03,-2.9550e-01,-1.2460e+00
-6.4511e-01,-1.2549e+00,1.0376e+00,3.4008e-02,2.6278e-01
-1.1605e+00,1.0032e+00,-1.8508e+00,-7.9477e-01,-1.7629e-01
1.4477e-01,4.8786e-01,1.4428e+00,-1.0828e-01,-3.8351e-01
-4.3345e-02,-9.3055e-02,-1.3220e+00,-6.7092e-02,5.1084e-01
-1.5828e+00,4.8786e-01,-8.1123e-01,1.4756e+00,-2.8561e-01
-1.1586e+00,1.0126e+00,-1.8546e+00,-7.9851e-01,-2.7932e-02
-6.4511e-01,5.3268e-03,1.1958e+00,1.4634e-01,9.0066e-01
-1.2066e+00,5.7219e-01,-1.1998e+00,-9.3831e-01,-4.0754e-01
-6.4511e-01,-1.2549e+00,1.0376e+00,3.4008e-02,6.5260e-01
3.3767e-01,1.9272e-01,5.3345e-02,-1.0531e+00,1.7569e-01
-6.6046e-01,-6.0261e-02,1.0903e+00,7.0205e-02,-9.4603e-02
-8.6585e-01,-9.1290e-01,1.5072e+00,3.7850e-01,-5.6310e-01
-7.9003e-01,4.8786e-01,7.1357e-02,6.4685e-01,-4.6580e-01
-4.1093e-01,2.3957e-01,-2.9532e-01,9.1521e-01,2.2914e-01
1.0757e+00,4.8786e-01,-4.1497e-01,1.4884e-01,2.2974e-01
-4.1669e-01,2.1744e+00,-5.2561e-01,-2.2426e+00,-3.4207e-01
7.8396e-01,-7.8172e-01,-3.6222e-01,-2.2311e-01,2.1338e+00
-8.2746e-01,-5.3343e-01,3.2353e-01,1.5992e+00,-1.4172e+00
-3.5667e-02,-9.7849e-01,1.1431e+00,1.1015e-01,1.8725e+00
-1.5194e+00,1.0266e+00,-1.8853e-01,3.2982e-01,-1.5527e-01
1.4068e+00,2.1744e+00,-5.2561e-01,-2.2426e+00,9.9404e-02
2.7913e-01,4.8786e-01,5.0365e-01,7.0302e-01,-1.4370e+00
-2.4873e-01,3.4732e-01,-6.9287e-01,-3.0799e-01,-1.1863e-01
-7.5977e-02,1.3311e+00,-8.8585e-01,-1.1692e+00,8.3788e-02
2.0163e+00,1.3311e+00,-1.1689e+00,-9.3206e-01,1.1878e+00
4.9507e-01,2.1744e+00,-5.2561e-01,-2.2426e+00,1.1682e-01
5.8625e-01,2.1744e+00,-5.2561e-01,-1.2940e+00,9.8175e-01
3.0696e-01,-1.8675e-01,-7.2375e-01,-1.7693e-01,1.0016e+00
-6.6046e-01,-6.0261e-02,1.0903e+00,7.0205e-02,2.3034e-01
-1.2497e+00,-6.9740e-01,1.3078e+00,-1.1942e+00,-1.3403e+00
-8.2746e-01,-7.4893e-01,4.3160e-01,1.6504e+00,9.3999e-02
-1.4316e-01,2.1744e+00,-5.2561e-01,-1.2940e+00,1.0292e+00
-3.7587e-02,4.2228e-01,-3.3906e-01,-1.3489e+00,4.6880e-01
-6.5566e-01,-1.0394e+00,3.9815e-01,1.6242e+00,7.1867e-01
-1.3400e+00,1.0266e+00,-1.3557e-02,-3.1423e-01,-1.8587e+00
6.6303e-01,2.0677e-01,9.9254e-01,-4.5874e-02,-8.9197e-02
1.1602e+00,-1.6016e+00,-3.3520e-01,9.7886e-01,2.3861e+00
3.1080e-01,-1.4459e-01,3.7370e-01,-1.0606e+00,6.1564e-02
-1.0616e+00,1.9272e-01,6.9149e-01,-6.1628e-01,-1.5043e+00
-7.9003e-01,4.8786e-01,7.1357e-02,6.4685e-01,3.5708e-01
-2.9672e-01,1.9381e-02,1.6358e+00,5.7820e-01,-8.9526e-01
-1.3045e+00,9.5635e-01,-1.9151e+00,1.1898e+00,-1.5157e+00
7.7583e-02,6.2841e-01,-6.2854e-01,-1.7069e-01,6.2857e-01
-5.9520e-01,-1.0816e+00,1.3618e+00,2.6492e-01,-1.2274e+00
-4.8867e-01,6.5183e-01,7.2751e-01,-1.8816e-01,-9.4271e-01
-1.0751e+00,-1.0909e+00,1.3888e+00,2.8114e-01,-2.7960e-01
4.9507e-01,2.1744e+00,-5.2561e-01,-2.2426e+00,3.1684e-01
1.3828e+00,-1.3158e+00,-1.5536e+00,1.4157e+00,-1.4265e-01
5.5746e-01,7.2211e-01,-6.2447e-02,9.1423e-02,1.8710e-01
3.1080e-01,-1.4459e-01,-1.3593e+00,6.2813e-01,3.0963e-01
-9.4935e-01,-5.3343e-01,1.1135e+00,8.7679e-02,-2.7059e-01
-4.9155e-01,6.3778e-01,7.1078e-01,-2.0065e-01,-2.6579e-01
-2.5833e-01,7.6895e-01,-6.2447e-02,1.1149e+00,-3.5949e-01
2.0163e+00,1.3311e+00,-1.1689e+00,-9.3206e-01,-6.1056e-01
-6.0192e-01,-1.9108e+00,1.3232e+00,2.3746e-01,1.6671e+00
-8.7257e-01,2.1744e+00,-5.2561e-01,-1.2940e+00,8.9405e-01
-1.1125e+00,-3.0387e-01,4.2388e-01,-3.3794e-01,1.1559e+00
-4.7139e-01,-3.5541e-01,1.0749e+00,6.0220e-02,6.0454e-01
-7.9003e-01,4.8786e-01,7.1357e-02,6.4685e-01,1.3785e-01
-1.1221e+00,7.2211e-01,-1.5251e-01,-1.6560e+00,-5.1325e-01
5.5746e-01,7.2211e-01,-6.2447e-02,9.1423e-02,-8.8925e-01
-2.9672e-01,2.7236e-01,-2.0526e-01,1.0924e+00,-3.9372e-01
3.5591e-01,1.3311e+00,-1.4391e+00,-4.5777e-01,2.5737e-01
-1.0309e+00,-7.8641e-01,4.2902e-01,2.4744e-01,1.0809e+00
7.8396e-01,-7.8172e-01,-3.6222e-01,-2.2311e-01,1.2088e+00
-7.7659e-01,4.8786e-01,-9.5898e-02,4.0596e-01,-1.1175e+00
1.3732e+00,-6.3649e-01,-1.9408e+00,-2.9550e-01,-2.2014e-01
6.7985e-02,4.8786e-01,-5.2561e-01,-6.9741e-01,-1.1812e+00
-3.5667e-02,-9.7849e-01,1.1431e+00,1.1015e-01,1.6437e+00
2.2154e-01,2.1744e+00,-5.2561e-01,-1.2940e+00,8.0576e-01
7.8396e-01,-7.8172e-01,-3.6222e-01,-2.2311e-01,2.1338e+00
-1.2306e+00,-1.6333e-01,3.4540e-01,6.0566e-01,-1.0070e+00
-9.8774e-01,-7.9000e-02,4.4318e-01,-3.3545e-01,-9.0367e-01
3.9430e-01,1.0032e+00,1.4747e-02,3.2857e-01,-6.3638e-01
-1.2181e+00,1.7996e+00,-6.4141e-01,-1.4438e+00,-1.1577e+00
9.1256e-01,1.5466e+00,3.9429e-01,-1.4073e-01,3.1532e-02
4.8068e-01,4.8786e-01,-1.2075e+00,6.4061e-01,-1.3367e+00
-1.5194e+00,1.0266e+00,-1.8853e-01,3.2982e-01,-1.5271e+00
1.8316e-01,1.4248e+00,-1.2204e+00,-5.7010e-01,-7.1687e-01
7.8396e-01,-7.8172e-01,-3.6222e-01,-2.2311e-01,2.6143e+00
-4.3108e-01,5.8156e-01,-6.2447e-02,1.3895e+00,-1.3776e+00
-8.6585e-01,-9.1290e-01,1.5072e+00,3.7850e-01,-8.8385e-01
7.4941e-01,-1.2924e+00,-3.9696e-01,3.4105e-01,1.8623e+00
-1.3169e+00,4.6912e-01,-2.0425e+00,3.9473e-01,-3.5468e-01
1.4477e-01,4.8786e-01,1.4428e+00,-1.0828e-01,-1.2959e+00
2.1026e+00,8.6265e-01,1.9575e+00,-2.0055e+00,6.9973e-02
7.7583e-02,4.8786e-01,-7.6749e-01,1.5181e+00,-1.2719e+00
-4.1669e-01,2.1744e+00,-5.2561e-01,-2.2426e+00,-5.7151e-01
5.1670e-02,-1.7281e+00,4.0844e-01,3.7475e-01,2.4641e+00
2.0163e+00,1.3311e+00,-1.1689e+00,-9.3206e-01,-1.3725e-01
-1.0280e+00,-4.3505e-01,4.4189e-01,-3.3794e-01,-1.1986e+00
2.3426e+00,3.4732e-01,1.9575e+00,-2.0055e+00,1.2112e+00
1.9107e+00,4.8786e-01,-4.7415e-01,-6.5747e-01,1.1115e+00
1.5172e+00,2.0677e-01,-1.1316e+00,-8.2098e-01,2.1578e+00
-6.4703e-01,-1.0488e+00,9.1020e-01,-2.2159e-02,5.3247e-01
4.9507e-01,2.1744e+00,-5.2561e-01,-2.2426e+00,2.4056e-01
7.8396e-01,-7.8172e-01,-3.6222e-01,-2.2311e-01,1.2088e+00
-1.2565e+00,-3.5541e-01,1.2370e+00,-1.2316e+00,9.9404e-02
9.9894e-01,2.0677e-01,-8.8178e-02,-1.3324e-01,-4.7181e-01
-9.3111e-01,1.0266e+00,-1.7567e-01,3.2857e-01,-1.9491e-01
8.1659e-01,4.4102e-01,-1.9151e+00,-2.0813e-01,1.8100e+00
-8.6969e-01,-7.0208e-01,1.3657e+00,3.1484e-01,-6.5620e-01
-6.6142e-01,-1.0581e+00,1.4480e+00,3.2233e-01,5.5890e-01
-9.3111e-01,1.0266e+00,-1.7567e-01,3.2857e-01,-1.8545e+00
-2.7464e-01,-1.6531e+00,1.9229e-01,1.4394e+00,-8.4060e-01
-4.7139e-01,-3.5541e-01,1.0749e+00,6.0220e-02,-1.2283e-01
-1.3141e+00,4.8786e-01,-2.0438e+00,3.9098e-01,-3.5468e-01
-7.9003e-01,4.8786e-01,7.1357e-02,6.4685e-01,-1.2695e+00
-2.8328e-01,3.2390e-01,7.1464e-01,-1.9940e-01,-6.8143e-01
7.2061e-01,-1.0113e+00,1.1341e+00,-1.4563e+00,1.3950e+00
1.3517e-01,1.5993e-01,1.2370e+00,-5.8355e-02,-6.3638e-01
8.9337e-01,3.9417e-01,5.1651e-01,-5.4514e-01,1.9671e-01
-4.9155e-01,6.3778e-01,7.1078e-01,-2.0065e-01,-8.0817e-01
1.6396e-01,9.0950e-01,-1.2204e+00,-1.4813e+00,1.0658e+00
-4.1093e-01,2.3957e-01,-2.9532e-01,9.1521e-01,-3.3306e-01
1.5172e+00,2.0677e-01,-1.1316e+00,-8.2098e-01,2.2539e+00
-8.2746e-01,-5.3343e-01,3.2353e-01,1.5992e+00,5.1084e-01
1.9107e+00,4.8786e-01,-4.7158e-01,-7.6731e-01,1.1139e+00
6.5343e-01,4.8786e-01,1.0697e+00,4.4091e-01,3.0542e-01
-1.5194e+00,1.0266e+00,-1.8853e-01,3.2982e-01,-1.9494e+00
6.7985e-02,-2.1486e-01,-8.3439e-01,6.9054e-01,3.8171e-01
2.1036e+00,8.6265e-01,1.9498e+00,-2.0030e+00,5.0183e-01
6.7985e-02,4.8786e-01,-5.2561e-01,-6.9741e-01,-7.3609e-01
3.1080e-01,-1.4459e-01,3.7370e-01,-1.0606e+00,3.1684e-01
-8.6969e-01,-9.2227e-01,1.4827e+00,3.6103e-01,1.6728e-01
-1.7171e+00,4.8786e-01,-1.1046e+00,2.1010e+00,-1.6875e+00
-1.1413e+00,-1.2116e-01,-1.7350e+00,-4.0784e-01,-1.2103e-01
1.1909e+00,-3.0856e-01,1.8931e+00,-9.8199e-01,9.9256e-01
-6.0192e-01,-1.9108e+00,1.3232e+00,2.3746e-01,-5.0184e-01
-6.4511e-01,-1.2549e+00,1.0376e+00,3.4008e-02,-1.2283e-01
9.5095e-01,2.1744e+00,-5.2561e-01,-2.2426e+00,4.7601e-01
-1.5828e+00,4.8786e-01,-8.1123e-01,1.4756e+00,-1.7716e+00
-3.7587e-02,4.4102e-01,-6.2447e-02,1.0275e+00,-1.2464e-01
4.8068e-01,4.8786e-01,6.7090e-01,5.9069e-01,-1.2893e+00
3.9193e-02,-8.7074e-01,7.4809e-01,-1.1068e+00,1.0694e+00
2.7913e-01,4.8786e-01,-3.6715e-02,9.5265e-01,-1.2484e+00
4.2309e-01,1.1308e-01,1.1598e+00,1.1639e-01,-1.0953e+00
-3.9653e-01,1.9272e-01,-4.0210e-01,-1.3652e+00,-6.2197e-01
5.5938e-01,1.9272e-01,1.2396e+00,-2.4183e-01,-2.3275e-01
1.3828e+00,-1.3158e+00,-1.5536e+00,1.4157e+00,1.7133e+00
1.5628e-01,-3.1793e-01,6.4260e-01,-2.5182e-01,-8.3279e-01
9.7495e-01,1.9272e-01,9.6424e-01,-4.2906e-01,1.0000e-01
2.7913e-01,-6.4118e-01,-7.5334e-01,3.7850e-01,5.7211e-01
3.0504e-01,-2.5432e+00,3.4540e-01,6.0566e-01,5.2526e-01
-4.3108e-01,5.3471e-01,-6.2447e-02,1.3895e+00,-1.5488e+00
2.7817e-01,-6.4586e-01,-7.5848e-01,-1.5287e+00,1.4686e-01
1.6396e-01,-8.2389e-01,-2.5543e-01,1.2887e-01,5.1034e-03
-9.8774e-01,-7.9000e-02,4.4318e-01,-3.3545e-01,-9.2201e-02
2.3714e+00,1.5993e-01,-6.8000e-01,-6.6995e-01,1.2647e+00
1.0757e+00,4.8786e-01,-4.2269e-01,-1.9565e-01,-1.0010e+00
-7.5740e-01,1.1437e+00,-3.9696e-01,3.4105e-01,-1.2436e+00
1.4477e-01,1.8652e+00,-1.9769e+00,5.8971e-02,-2.6158e-01
-2.8328e-01,5.3003e-01,9.1020e-01,-2.4183e-01,2.0992e-01
9.1256e-01,1.5466e+00,3.9429e-01,-1.4073e-01,-6.0995e-01
2.4865e+00,-4.0225e-01,1.9575e+00,-2.0055e+00,2.0353e+00
-9.8774e-01,-7.9000e-02,4.4318e-01,-3.3545e-01,8.5381e-01
-1.2104e+00,5.4877e-01,-1.2307e+00,1.1736e+00,-7.1987e-01
1.0181e+00,-1.1518e+00,-4.4842e-01,8.9024e-01,1.5427e+00
-6.4415e-01,5.3268e-03,1.1984e+00,1.4759e-01,6.8203e-01
5.3346e-01,1.4696e-02,1.6656e-01,5.3826e-01,5.4628e-01
-4.3108e-01,4.8786e-01,-3.2646e-03,-3.0674e-01,-1.3337e+00
-1.3563e+00,4.8786e-01,9.5395e-01,4.1470e-01,5.0664e-01
5.4690e-01,-3.1324e-01,-3.6222e-01,-2.2311e-01,-4.0545e-02
1.4189e-01,-4.7253e-01,-2.2842e-01,1.0675e+00,-7.7033e-01
-1.2277e+00,-1.6801e-01,3.4926e-01,6.0317e-01,-1.0070e+00
5.8388e-02,3.0047e-01,-8.8585e-01,-9.6951e-01,3.7029e-01
8.9337e-01,-5.3811e-01,-6.0152e-01,-2.1188e-01,6.2617e-01
-1.3553e+00,2.5820e+00,-1.3413e+00,-1.4738e+00,-3.2737e-02
3.6359e-01,-1.2127e+00,-1.5536e+00,1.3321e+00,-1.4265e-01
-4.7139e-01,-3.5541e-01,1.0749e+00,6.0220e-02,-5.4088e-01
-1.0933e+00,-8.2389e-01,4.4318e-01,-4.4626e-02,1.2634e+00
-1.2277e+00,4.8786e-01,-1.0917e+00,2.1147e+00,-1.6461e+00
-1.2757e+00,-2.7467e-02,-1.7221e+00,1.3770e+00,-1.2166e+00
7.8396e-01,-7.8172e-01,-3.6222e-01,-2.2311e-01,1.2088e+00
-6.4415e-01,5.3268e-03,1.1984e+00,1.4759e-01,2.6758e-01
1.6324e+00,-7.7704e-01,7.3523e-01,-3.5791e-01,2.5843e+00
-7.9003e-01,4.8786e-01,7.1357e-02,6.4685e-01,-1.6004e+00
-4.8867e-01,6.5183e-01,7.2751e-01,-1.8816e-01,-6.7843e-01
5.5938e-01,1.9272e-01,1.2396e+00,-2.4183e-01,-8.7664e-01
4.3749e-01,8.1580e-01,-2.2097e+00,2.3496e-01,1.7148e-01
-1.3006e+00,9.4229e-01,-1.9151e+00,1.1861e+00,-1.5157e+00
-4.1093e-01,2.3957e-01,-2.9532e-01,9.1521e-01,-6.0575e-01
1.3828e+00,-1.3158e+00,-1.5536e+00,1.4157e+00,1.7674e+00
-3.7587e-02,4.4102e-01,-6.2447e-02,1.0275e+00,-8.7183e-01
-1.1125e+00,1.9381e-02,6.4517e-01,-5.5762e-01,-1.0658e+00
-1.0837e+00,-2.8009e+00,1.1045e+00,8.0190e-02,-1.6833e+00
6.5343e-01,4.8786e-01,9.5395e-01,4.0346e-01,-1.2484e+00
2.4031e+00,-1.8639e+00,-1.5536e+00,1.4981e+00,1.4070e+00
-8.6585e-01,-9.1290e-01,1.5072e+00,3.7850e-01,2.8801e-01
-3.6627e-02,-9.8317e-01,1.3461e-02,1.2722e+00,3.6729e-01
3.6359e-01,-1.2127e+00,-1.5536e+00,1.3321e+00,1.9416e+00
-4.3108e-01,4.8786e-01,-3.2646e-03,-3.0674e-01,7.2107e-01
-4.8867e-01,6.5183e-01,7.2751e-01,-1.8816e-01,-2.6130e-02
-3.0536e-01,-1.1003e+00,1.9229e-01,1.4394e+00,-4.2616e-01
-4.8867e-01,6.5183e-01,7.2751e-01,-1.8816e-01,-2.5437e-01
1.0181e+00,-1.1518e+00,-4.4842e-01,8.9024e-01,-7.8234e-01
1.9107e+00,4.8786e-01,-4.7158e-01,-7.6731e-01,-6.8323e-01
1.1141e+00,2.0677e-01,8.6389e-01,-4.9521e-01,6.9973e-02
1.5844e+00,-9.1758e-01,-7.5313e-02,-7.6980e-01,5.1925e-01
-2.9480e-01,1.0266e+00,6.1064e-02,-9.9322e-01,7.1686e-01
-6.4703e-01,-1.0488e+00,9.1020e-01,-2.2159e-02,-1.2112e+00
-1.0309e+00,-7.8641e-01,4.2902e-01,2.4744e-01,-7.6252e-01
-1.2469e+00,-6.8334e-01,2.3347e-01,-2.0911e-02,-1.2136e+00
-6.6046e-01,-6.0261e-02,1.0903e+00,7.0205e-02,-8.9226e-01
-1.4004e+00,6.7526e-01,-1.0104e-01,-1.6310e+00,-8.3279e-01
3.8854e-01,4.2805e-02,-1.3220e+00,7.5197e-02,8.9794e-02
-6.0192e-01,-1.9108e+00,1.3232e+00,2.3746e-01,1.1110e-02
-1.0895e+00,-2.8513e-01,4.3031e-01,-3.3794e-01,9.5772e-01
1.8627e+00,2.1744e+00,-5.2561e-01,-2.2426e+00,3.6969e-01
7.8396e-01,-7.8172e-01,-3.6222e-01,-2.2311e-01,-7.7333e-01
-2.7944e-01,-1.6625e+00,4.2645e-01,1.5742e+00,-8.8625e-01
9.1256e-01,1.5466e+00,3.9429e-01,-1.4073e-01,-1.1710e+00
-1.2977e+00,1.4696e-02,1.6656e-01,5.3826e-01,-7.2288e-01
-8.2746e-01,-5.3343e-01,3.2353e-01,1.5992e+00,8.9794e-02
-1.1029e+00,7.5599e-02,-1.4674e+00,6.6308e-01,1.2884e-01
-4.0997e-01,1.9272e-01,8.7161e-01,-4.9147e-01,-1.2064e+00
4.8068e-01,4.8786e-01,6.6210e-02,6.4061e-01,8.7391e-02
-6.5662e-01,-1.0441e+00,4.4961e-01,1.6217e+00,-2.4837e-01
-6.3359e-01,-1.2174e+00,5.3324e-01,8.6431e-02,9.8655e-01
-1.2757e+00,-4.9595e-01,3.4926e-01,6.7806e-01,-5.3187e-01
-4.7184e-02,-7.4315e-02,-1.3233e+00,-7.0837e-02,5.1084e-01
3.9430e-01,1.0032e+00,1.4747e-02,3.2857e-01,-9.0127e-01
-3.2743e-01,-1.7936e+00,1.4660e+00,3.3981e-01,1.8407e+00
-1.1413e+00,9.5635e-01,-1.9666e+00,-1.1692e+00,-3.0783e-01
3.1080e-01,-2.8513e-01,9.5266e-01,-2.0205e+00,4.2195e-01
4.8068e-01,4.8786e-01,6.6210e-02,6.4061e-01,-1.1722e+00
3.8758e-01,4.1759e-01,-1.3233e+00,4.0526e-03,1.2881e+00
6.5343e-01,4.8786e-01,1.0697e+00,4.4091e-01,-1.6076e+00
3.6359e-01,-1.2127e+00,-1.5536e+00,1.3321e+00,1.8214e+00
-2.9672e-01,4.7849e-01,-3.0818e-01,1.0425e+00,-5.1385e-01
6.5343e-01,4.8786e-01,9.5395e-01,4.0346e-01,-1.0598e+00
-1.3332e+00,-3.5541e-01,-1.1560e+00,1.4135e-01,5.3067e-01
-2.9672e-01,2.7236e-01,-2.0526e-01,1.0924e+00,1.5346e-01
2.2154e-01,1.5185e+00,-1.0016e+00,-6.4499e-01,-1.4145e-01
-8.6585e-01,-9.1290e-01,1.5072e+00,3.7850e-01,-1.2454e+00
-1.2277e+00,4.8786e-01,-1.0917e+00,2.1147e+00,-1.8617e+00
2.3138e+00,-1.6672e+00,-9.8878e-01,1.5268e+00,2.3554e+00
-2.8328e-01,5.3003e-01,9.1020e-01,-2.4183e-01,-9.0367e-01
6.6303e-01,1.0032e+00,1.4747e-02,1.6534e-02,-3.4807e-01
1.3828e+00,-1.3158e+00,-1.5536e+00,1.4157e+00,1.7674e+00
-1.2392e+00,-6.5992e-01,-3.7122e-01,-9.8698e-01,3.4535e-02
-1.8155e-01,6.2841e-01,-1.0016e+00,-5.0769e-01,-1.2343e-01
-1.1019e+00,-2.3828e-01,1.1032e+00,8.0190e-02,-1.5025e+00
1.8627e+00,2.1744e+00,-5.2561e-01,-2.2426e+00,1.6968e-01
2.4031e+00,-1.8639e+00,-1.5536e+00,1.4981e+00,1.3830e+00
9.9894e-01,2.0677e-01,-8.8178e-02,-1.3324e-01,-2.6579e-01
-7.7659e-01,4.8786e-01,-9.5898e-02,4.0596e-01,4.4898e-01
-1.2757e+00,-1.1050e+00,3.7499e-01,7.0302e-01,-1.0706e+00
7.8396e-01,-7.8172e-01,-3.6222e-01,-2.2311e-01,2.4942e+00
5.4690e-01,-3.1324e-01,-3.6222e-01,-2.2311e-01,1.9236e+00
-3.0536e-01,-1.1003e+00,1.9229e-01,1.4394e+00,-1.2262e+00
1.8051e+00,-2.0513e+00,-1.5536e+00,8.3408e-01,1.8695e+00
-2.7752e-01,2.0677e-01,1.7774e+00,1.2887e-01,-1.4599e+00
-1.1019e+00,-2.3828e-01,1.1032e+00,8.0190e-02,-4.2916e-01
2.2154e-01,2.1744e+00,-5.2561e-01,-1.2940e+00,1.1175e+00
-4.9155e-01,6.3778e-01,7.1078e-01,-2.0065e-01,-1.3463e+00
-1.3524e+00,2.5960e+00,-1.3362e+00,-1.4688e+00,-3.2737e-02
1.3732e+00,-1.6801e-01,-1.9408e+00,-2.9550e-01,1.9371e-01
-1.6567e+00,1.0266e+00,-4.4585e-01,9.4017e-01,-1.6851e+00
-2.7464e-01,-1.6531e+00,1.9229e-01,1.4394e+00,3.9132e-01
1.9107e+00,4.8786e-01,-4.7158e-01,-7.6731e-01,-7.2379e-02
1.5844e+00,-9.1758e-01,-7.5313e-02,-7.6980e-01,9.1568e-01
-2.8328e-01,3.2390e-01,7.1464e-01,-1.9940e-01,5.1954e-02
6.6303e-01,1.0032e+00,1.4747e-02,1.6534e-02,-1.8350e-01
-2.4585e-01,3.2858e-01,-6.9287e-01,-3.0424e-01,-1.1863e-01
-5.0786e-01,1.9272e-01,-2.1941e-01,-1.2404e+00,-8.3219e-01
3.9430e-01,2.0677e-01,-2.8116e-01,-8.0725e-01,9.9977e-01
-1.3534e+00,8.7670e-01,-7.3147e-01,-2.5307e-01,3.9941e-02
-1.9211e-01,8.9076e-01,-1.3941e+00,-1.5197e-01,-2.0272e-01
5.8625e-01,2.1744e+00,-5.2561e-01,-1.2940e+00,8.8204e-01
-7.7659e-01,4.8786e-01,-9.5898e-02,4.0596e-01,-3.2044e-01
1.8124e-01,1.4014e+00,-1.2178e+00,-5.7509e-01,-7.1687e-01
-9.5031e-01,1.9272e-01,5.0879e-01,-7.4110e-01,-4.7061e-01
2.7913e-01,4.8786e-01,5.0365e-01,7.0302e-01,-9.0301e-04
-1.3342e+00,-3.7883e-01,-1.1612e+00,1.4509e-01,5.3067e-01
4.9507e-01,2.1744e+00,-5.2561e-01,-2.2426e+00,-3.3006e-01
6.7985e-02,4.8786e-01,-5.2561e-01,-6.9741e-01,8.8625e-01
-7.7659e-01,-7.4315e-02,1.9575e+00,8.9024e-01,-1.6779e+00
7.1102e-01,-1.7140e+00,-7.5313e-02,1.2148e+00,1.1818e+00
-2.9672e-01,4.7849e-01,-3.0818e-01,1.0425e+00,2.3215e-01
-2.7944e-01,-1.6625e+00,4.2645e-01,1.5742e+00,5.7631e-01
1.5844e+00,-9.1758e-01,-7.5313e-02,-7.6980e-01,1.2232e+00
1.3828e+00,-1.3158e+00,-1.5536e+00,1.4157e+00,1.4725e+00
-2.4873e-01,4.8786e-01,-1.0685e+00,2.1384e+00,-1.6563e+00
1.3828e+00,-1.4142e+00,-4.7415e-01,3.7475e-01,6.6221e-01
-7.7896e-02,1.3171e+00,-8.8585e-01,-1.1730e+00,8.3788e-02
2.1026e+00,8.6265e-01,1.9575e+00,-2.0055e+00,-5.8353e-01
1.4477e-01,2.0677e-01,1.5072e+00,-5.8355e-02,-6.3638e-01
1.0335e+00,-1.1097e+00,-1.5536e+00,1.8975e+00,1.1667e+00
4.8068e-01,4.8786e-01,6.6210e-02,6.4061e-01,-1.3367e+00
-1.2469e+00,-6.8334e-01,1.3013e+00,-1.1942e+00,-1.3403e+00
7.8396e-01,-7.8172e-01,-3.6222e-01,-2.2311e-01,2.4942e+00
6.1267e-02,2.8173e-01,-8.8071e-01,-9.7076e-01,4.8201e-01
5.1670e-02,-1.7281e+00,4.0844e-01,3.7475e-01,1.3364e-01
-6.5566e-01,-1.0394e+00,3.9815e-01,1.6242e+00,-6.2497e-01
-1.1893e+00,4.8786e-01,-4.8187e-01,9.3920e-02,-1.1343e+00
-1.0933e+00,-8.2389e-01,4.4318e-01,-4.4626e-02,3.3846e-01
1.0335e+00,-1.1097e+00,-1.5536e+00,1.8975e+00,-5.2558e-02
5.1670e-02,-1.7281e+00,4.0844e-01,3.7475e-01,2.2353e+00
-1.0357e+00,4.8786e-01,-3.3520e-01,1.0375e+00,-6.9044e-01
-8.2746e-01,-7.4893e-01,4.3160e-01,1.6504e+00,-1.4010e+00
1.3828e+00,-1.3158e+00,-1.5536e+00,1.4157e+00,1.7133e+00
-9.3015e-01,1.4717e+00,-6.4141e-01,-1.8807e+00,-7.7153e-01
2.5034e-01,5.3471e-01,-6.2447e-02,4.7835e-01,-1.7149e-01
-2.4393e-01,1.9272e-01,6.9149e-01,-6.1628e-01,-1.1133e+00
1.8627e+00,2.1744e+00,-5.2561e-01,-2.2426e+00,2.1112e-01
-1.4033e+00,-6.4946e-02,-1.5251e-01,3.8973e-01,-1.3505e+00
-1.2747e+00,-8.7277e-03,-1.7234e+00,1.3808e+00,-1.2160e+00
7.8396e-01,-7.8172e-01,-3.6222e-01,-2.2311e-01,2.6143e+00
-1.2709e+00,5.2066e-01,-1.0351e+00,7.8942e-02,-7.2528e-01
-1.0280e+00,-4.3505e-01,4.4189e-01,-3.3794e-01,7.9375e-01
2.3402e-01,1.0266e+00,-9.5898e-02,-1.7808e+00,4.5679e-01
-8.5337e-01,4.8786e-01,-5.5392e-01,-7.1863e-01,8.9826e-01
3.1080e-01,-2.8513e-01,9.5266e-01,-2.0205e+00,1.4430e+00
-8.2746e-01,-7.4893e-01,4.3160e-01,1.6504e+00,-6.4780e-01
-6.5566e-01,-1.0394e+00,3.9815e-01,1.6242e+00,-1.3481e+00
-1.7171e+00,4.8786e-01,-1.1046e+00,2.1010e+00,-6.1956e-01
-1.3141e+00,-1.6801e-01,-4.0982e-01,4.0526e-03,-5.7872e-01
-6.3359e-01,-1.2174e+00,5.3324e-01,8.6431e-02,1.0923e+00
1.4189e-01,-4.7253e-01,-2.2842e-01,1.0675e+00,9.7694e-01
-4.2245e-01,3.0598e+00,-1.5433e+00,-9.7700e-01,-4.2916e-01
1.8316e-01,1.1308e-01,1.3142e+00,2.6617e-01,-1.2130e+00
-7.7659e-01,4.8786e-01,-9.5898e-02,4.0596e-01,-1.4635e+00
-1.2411e+00,1.3182e-01,2.4633e-01,5.2703e-01,-1.4172e+00
-1.2776e+00,-4.8658e-01,3.4926e-01,6.8430e-01,-5.3187e-01
6.7985e-02,4.8786e-01,-5.2561e-01,-6.9741e-01,1.8169e-01
8.9337e-01,-5.3811e-01,-6.0152e-01,-2.1188e-01,1.7494e+00
-1.2085e+00,5.8156e-01,-1.1946e+00,-9.3206e-01,-4.0754e-01
-1.5828e+00,4.8786e-01,-8.1123e-01,1.4756e+00,-1.5428e+00
1.3828e+00,-1.3158e+00,-1.5536e+00,1.4157e+00,8.0636e-01
-1.4316e-01,2.1744e+00,-5.2561e-01,-1.2940e+00,6.0515e-01
-1.0280e+00,-4.3505e-01,4.4189e-01,-3.3794e-01,1.2223e-01
-1.0933e+00,-8.2389e-01,4.4318e-01,-4.4626e-02,-1.2166e+00
1.0181e+00,-1.1518e+00,-4.4842e-01,8.9024e-01,-6.0367e-02
4.9987e-01,4.8786e-01,-5.3591e-01,8.6029e-01,-7.4330e-01
-1.0895e+00,-2.8513e-01,4.3031e-01,-3.3794e-01,-1.2514e+00
2.7913e-01,-6.3649e-01,-7.5720e-01,-1.5312e+00,-1.2524e-01
3.6359e-01,-1.2127e+00,-1.5536e+00,1.3321e+00,-6.3518e-01
-6.4703e-01,-1.2643e+00,1.0221e+00,2.2775e-02,-1.1055e+00
-5.6161e-01,3.6137e-01,-7.4026e-02,1.2060e+00,-3.7991e-01
-1.5756e-01,6.5183e-01,-1.8045e+00,2.0875e-01,3.4627e-01
1.4884e+00,1.7059e+00,-1.7298e+00,-6.7370e-01,-7.1627e-01
-6.6142e-01,1.0266e+00,7.0280e-03,-2.9550e-01,-1.6668e-01
2.5034e-01,5.3471e-01,-6.2447e-02,4.7835e-01,-7.7185e-02
1.0181e+00,-1.1518e+00,-4.4842e-01,8.9024e-01,8.6883e-01
-1.1125e+00,-8.3326e-01,4.2130e-01,1.5880e+00,-5.7512e-01
3.0792e-01,-2.5573e+00,3.4926e-01,6.0317e-01,5.2526e-01
-3.7587e-02,4.4102e-01,-6.2447e-02,1.0275e+00,-2.0692e-01
2.2154e-01,2.1744e+00,-5.2561e-01,-1.2940e+00,1.1703e+00
-1.4316e-01,2.1744e+00,-5.2561e-01,-1.2940e+00,6.7602e-01
8.1659e-01,4.5507e-01,-1.9113e+00,-2.0938e-01,1.8100e+00
4.8068e-01,4.8786e-01,6.6210e-02,6.4061e-01,1.9371e-01
-6.4703e-01,-1.0488e+00,9.1020e-01,-2.2159e-02,-3.7150e-01
-9.0904e-01,1.9272e-01,1.4223e+00,-1.1702e-01,-1.0917e+00
4.8068e-01,6.2841e-01,-2.0824e+00,3.5354e-01,1.2514e+00
8.9337e-01,-5.3811e-01,-6.0152e-01,-2.1188e-01,1.5205e+00
9.7495e-01,1.9272e-01,9.6424e-01,-4.2906e-01,-7.0305e-01
-7.7659e-01,-7.4315e-02,1.9575e+00,8.9024e-01,-1.4130e+00
4.2885e-01,-3.5541e-01,-1.1740e+00,2.0376e-01,1.5295e+00
-1.3179e+00,-1.0862e+00,-3.8795e-01,8.8400e-01,-1.2226e+00
1.3828e+00,-1.4142e+00,-4.7415e-01,3.7475e-01,1.7494e+00
9.5095e-01,2.1744e+00,-5.2561e-01,-2.2426e+00,4.0541e-02
5.1670e-02,-1.7281e+00,4.0844e-01,3.7475e-01,-6.8323e-01
9.9894e-01,2.0677e-01,-8.8178e-02,-1.3324e-01,-1.2659e+00
2.2154e-01,2.1744e+00,-5.2561e-01,-1.2940e+00,7.2287e-01
-3.6627e-02,-9.8317e-01,1.3461e-02,1.2722e+00,7.5110e-01
-4.5220e-01,7.6427e-01,-3.3263e-01,9.8011e-01,-4.8742e-01
-2.4873e-01,4.8786e-01,-1.0685e+00,2.1384e+00,-8.3580e-01
-2.7464e-01,-1.6531e+00,1.9229e-01,1.4394e+00,8.9045e-01
1.3732e+00,-1.6801e-01,-1.9408e+00,-2.9550e-01,1.5782e+00
9.0297e-01,-2.5760e+00,-1.5536e+00,2.7325e+00,5.9614e-01
1.3828e+00,-1.3158e+00,-1.5536e+00,1.4157e+00,1.7674e+00
5.0947e-01,3.4732e-01,-7.5313e-02,-1.7558e+00,5.1385e-01
7.7583e-02,6.2372e-01,-6.2725e-01,-1.6944e-01,6.2917e-01
-1.0280e+00,-4.3505e-01,4.4189e-01,-3.3794e-01,-3.7390e-01
1.4068e+00,2.1744e+00,-5.2561e-01,-2.2426e+00,4.3456e-01
-1.0952e+00,1.0266e+00,3.5333e-02,-1.0119e+00,-1.0962e-01
-8.6969e-01,-7.0208e-01,1.3657e+00,3.1484e-01,-1.3304e-01
-2.8328e-01,3.2390e-01,7.1464e-01,-1.9940e-01,-1.1145e+00
-8.2746e-01,-7.4893e-01,4.3160e-01,1.6504e+00,-1.0902e-01
7.8396e-01,-7.8172e-01,-3.6222e-01,-2.2311e-01,2.6143e+00
-6.4703e-01,-1.0488e+00,9.1020e-01,-2.2159e-02,1.0322e+00
9.4615e-01,-1.2971e+00,2.0771e+00,-2.1053e+00,1.2448e+00
-1.0933e+00,-8.2389e-01,4.4318e-01,-4.4626e-02,1.0622e+00
1.0181e+00,-1.1518e+00,-4.4842e-01,8.9024e-01,7.3248e-01
-5.5822e-02,-1.0347e+00,1.0389e+00,4.7738e-02,-7.1927e-01
-1.6567e+00,1.0266e+00,-4.4585e-01,9.4017e-01,-2.0089e+00
1.8627e+00,-2.2782e-02,-1.5536e+00,9.7664e-02,1.1908e+00
3.1080e-01,-2.8513e-01,9.5266e-01,-2.0205e+00,1.8515e+00
-4.3108e-01,5.3471e-01,-6.2447e-02,1.3895e+00,-7.0125e-01
2.3426e+00,3.4732e-01,1.9575e+00,-2.0055e+00,-1.1863e-01
-6.4511e-01,5.3268e-03,1.1958e+00,1.4634e-01,-3.2345e-01
-1.0952e+00,1.0266e+00,3.5333e-02,-1.0119e+00,-1.2028e+00
1.4189e-01,-4.7253e-01,-2.2842e-01,1.0675e+00,7.7753e-01
-9.0904e-01,1.9272e-01,1.4223e+00,-1.1702e-01,-1.6683e+00
2.3426e+00,3.4732e-01,1.9575e+00,-2.0055e+00,7.5831e-01
1.4477e-01,1.8465e+00,-1.9794e+00,5.3979e-02,-2.6158e-01
5.4690e-01,-3.1324e-01,-3.6222e-01,-2.2311e-01,1.4484e+00
9.1019e-02,-6.3181e-01,-1.4993e-01,1.1399e+00,-7.9736e-01
-1.0415e+00,-1.1612e+00,4.3031e-01,1.0325e+00,4.5028e-03
3.0792e-01,-1.6801e-01,3.4926e-01,6.0317e-01,-6.4119e-01
-4.1669e-01,2.1744e+00,-5.2561e-01,-2.2426e+00,-1.5947e-01
1.0181e+00,-1.1518e+00,-4.4842e-01,8.9024e-01,1.2352e+00
1.1141e+00,1.9272e-01,8.7161e-01,-4.9147e-01,-1.6188e-01
-5.9520e-01,-1.0816e+00,1.3618e+00,2.6492e-01,-3.3366e-01
3.8470e-01,1.9381e-02,-1.3233e+00,7.8942e-02,8.9193e-02
-4.1093e-01,2.3957e-01,-2.9532e-01,9.1521e-01,5.1205e-01
-1.3236e+00,4.2696e-01,-7.0166e-02,-1.6248e+00,-3.6309e-01
-3.2743e-01,-1.7936e+00,1.4660e+00,3.3981e-01,1.0046e+00
-3.5667e-02,-9.7849e-01,1.1431e+00,1.1015e-01,1.8647e+00
1.0460e+00,-1.6718e+00,-3.6222e-01,-2.2311e-01,2.6203e+00
-1.4316e-01,-1.6801e-01,-8.0866e-01,-3.5791e-01,2.1893e-01
2.0163e+00,1.3311e+00,-1.1689e+00,-9.3206e-01,1.4304e+00
-1.2661e+00,4.8786e-01,-4.8702e-01,-1.8807e+00,-6.7242e-01
1.8627e+00,2.1744e+00,-5.2561e-01,-2.2426e+00,4.1114e-01
-1.1605e+00,1.9381e-02,-1.9151e+00,1.3146e+00,2.1773e-01
9.4615e-01,-1.2971e+00,2.0771e+00,-2.1053e+00,-4.3096e-01
1.3732e+00,-6.3649e-01,-1.9408e+00,-2.9550e-01,2.1818e+00
1.8627e+00,-2.2782e-02,-1.5536e+00,9.7664e-02,1.2163e-01
-1.0280e+00,-4.3505e-01,4.4189e-01,-3.3794e-01,9.1087e-01
9.0297e-01,2.0677e-01,8.3815e-01,-1.9565e-01,-5.8353e-01
9.1019e-02,-6.3181e-01,-1.4993e-01,1.1399e+00,7.9255e-01
1.0181e+00,-1.1518e+00,-4.4842e-01,8.9024e-01,3.5408e-01
3.9430e-01,6.7526e-01,-1.9923e+00,4.9083e-01,-2.7600e-01
2.5034e-01,5.3471e-01,-6.2447e-02,4.7835e-01,-4.9523e-01
2.3402e-01,1.0266e+00,-9.5898e-02,-1.7808e+00,-5.9374e-01
-1.0895e+00,-2.8513e-01,4.3031e-01,-3.3794e-01,3.2585e-01
-6.0192e-01,-1.9108e+00,1.3232e+00,2.3746e-01,1.5746e+00
-1.4316e-01,2.1744e+00,-5.2561e-01,-1.2940e+00,9.5832e-01
-2.8328e-01,5.3003e-01,9.1020e-01,-2.4183e-01,-1.4292e+00
2.1026e+00,8.6265e-01,1.9575e+00,-2.0055e+00,1.1643e+00
-1.1701e+00,9.0950e-01,-1.6063e+00,-1.3065e+00,-2.9402e-01
-1.1029e+00,6.6230e-02,-1.4648e+00,6.6558e-01,1.2824e-01
-4.3108e-01,5.8156e-01,-6.2447e-02,1.3895e+00,-1.0424e+00
2.3426e+00,3.4732e-01,1.9575e+00,-2.0055e+00,3.9912e-01
-2.7272e-01,1.9272e-01,1.7851e+00,1.3261e-01,-1.4593e+00
-1.1125e+00,-3.0387e-01,4.2388e-01,-3.3794e-01,-9.8235e-01
-2.8328e-01,3.2390e-01,7.1464e-01,-1.9940e-01,-3.6790e-01
1.8316e-01,1.1308e-01,1.3142e+00,2.6617e-01,-5.3608e-01
-1.1720e+00,1.9272e-01,8.7161e-01,-4.9147e-01,-8.8325e-01
-1.4187e+00,6.6120e-01,-3.0175e-01,2.6991e-01,-4.1054e-01
-1.2373e+00,1.1308e-01,2.4633e-01,5.2828e-01,-1.4172e+00
5.1670e-02,-1.7281e+00,4.0844e-01,3.7475e-01,1.9175e+00
1.0181e+00,-1.1518e+00,-4.4842e-01,8.9024e-01,-6.1656e-01
-6.4703e-01,-1.2643e+00,1.0221e+00,2.2775e-02,1.4130e+00
1.8627e+00,2.1744e+00,-5.2561e-01,-2.2426e+00,3.8171e-01
2.1026e+00,8.6265e-01,1.9575e+00,-2.0055e+00,4.9943e-01
1.5628e-01,-3.1793e-01,6.4260e-01,-2.5182e-01,7.2976e-02
6.6303e-01,1.0032e+00,1.4747e-02,1.6534e-02,-7.9555e-01
3.9622e-01,6.7526e-01,-1.9936e+00,4.9583e-01,-2.7600e-01
3.6359e-01,-1.2127e+00,-1.5536e+00,1.3321e+00,1.1848e+00
-7.4300e-01,1.0266e+00,-1.2163e-01,-1.7933e+00,9.6613e-01
-6.3359e-01,-1.2174e+00,5.3324e-01,8.6431e-02,-1.0664e+00
1.6396e-01,1.3311e+00,-1.1946e+00,-3.7039e-01,-2.3455e-01
-8.6969e-01,-7.0208e-01,1.3657e+00,3.1484e-01,-1.3950e+00
-7.4300e-01,1.0266e+00,-1.2163e-01,-1.7933e+00,-1.5746e+00
9.7015e-01,1.5993e-01,9.5395e-01,-4.3280e-01,-7.0726e-01
3.9910e-01,1.9740e-01,-2.8116e-01,-8.0101e-01,1.0004e+00
7.1965e-01,5.4877e-01,-2.2059e+00,5.8971e-02,3.0603e-01
-1.0751e+00,-1.0909e+00,1.3888e+00,2.8114e-01,-1.7043e+00
2.4865e+00,-4.0225e-01,1.9575e+00,-2.0055e+00,2.1530e+00
-1.1893e+00,4.8786e-01,-4.8187e-01,9.3920e-02,4.5679e-01
7.2061e-01,5.3471e-01,-2.2110e+00,5.3979e-02,3.0603e-01
-7.5740e-01,1.1437e+00,-3.9696e-01,3.4105e-01,-8.2919e-01
4.8068e-01,4.8786e-01,6.7090e-01,5.9069e-01,1.2824e-01
1.5628e-01,-3.1793e-01,6.4260e-01,-2.5182e-01,9.7214e-01
-6.6142e-01,1.0266e+00,7.0280e-03,-2.9550e-01,-1.7398e+00
3.2712e-01,-1.7140e+00,2.0218e+00,-3.5791e-01,2.7615e+00
-1.2661e+00,5.3471e-01,-1.0402e+00,7.8942e-02,-7.2588e-01
-1.2949e+00,1.9381e-02,1.6914e-01,5.4076e-01,-7.2288e-01
7.7583e-02,4.8786e-01,-7.6749e-01,1.5181e+00,-2.2254e-01
-2.8328e-01,3.2390e-01,7.1464e-01,-1.9940e-01,-3.5108e-01
2.5034e-01,5.3471e-01,-6.2447e-02,4.7835e-01,2.2522e-02
2.7913e-01,4.8786e-01,5.0365e-01,7.0302e-01,-4.7721e-01
2.4865e+00,-4.0225e-01,1.9575e+00,-2.0055e+00,3.5227e-01
-1.0309e+00,-7.8641e-01,4.2902e-01,2.4744e-01,1.4565e-01
1.5436e-01,2.0677e-01,8.6389e-01,-4.9521e-01,-2.8921e-01
1.5172e+00,2.0677e-01,-1.1316e+00,-8.2098e-01,1.2208e+00
-8.5337e-01,4.8786e-01,-5.5392e-01,-7.1863e-01,-8.5862e-01
2.7913e-01,4.8786e-01,5.0365e-01,7.0302e-01,1.7569e-01
7.8396e-01,-7.8172e-01,-3.6222e-01,-2.2311e-01,2.4942e+00
-2.8328e-01,3.2390e-01,7.1464e-01,-1.9940e-01,4.6880e-01
-1.3141e+00,-2.6171e-01,6.1944e-01,-8.0725e-01,-1.2274e+00
-1.3563e+00,4.8786e-01,9.5395e-01,4.1470e-01,2.1533e-01
-1.1989e+00,1.8465e+00,-1.5291e+00,-1.9930e+00,-3.8231e-01
1.0757e+00,4.8786e-01,-4.1497e-01,1.4884e-01,-9.9557e-01
1.1602e+00,-1.6016e+00,-3.3520e-01,9.7886e-01,1.1007e+00
8.9337e-01,-5.3811e-01,-6.0152e-01,-2.1188e-01,1.6593e+00
-1.2949e+00,9.5635e-01,-1.8765e+00,1.2272e+00,-1.6308e-01
-5.5822e-02,-1.0347e+00,1.0389e+00,4.7738e-02,1.7989e-01
-8.6969e-01,-9.2227e-01,1.4827e+00,3.6103e-01,-7.8414e-01
1.4189e-01,-4.7253e-01,-2.2842e-01,1.0675e+00,-3.2737e-02
9.5095e-01,2.1744e+00,-5.2561e-01,-2.2426e+00,3.2284e-01
-2.7464e-01,-1.6531e+00,1.9229e-01,1.4394e+00,1.5121e+00
-1.3937e+00,1.9272e-01,1.3296e+00,-1.7943e-01,-1.0556e+00
1.5844e+00,-9.1758e-01,-7.5313e-02,-7.6980e-01,1.3484e-01
-1.2747e+00,-1.1003e+00,3.7242e-01,7.0427e-01,-1.0700e+00
-8.6969e-01,-7.0208e-01,1.3657e+00,3.1484e-01,-9.8235e-01
-6.6046e-01,-6.0261e-02,1.0903e+00,7.0205e-02,-1.3998e+00
-1.3236e+00,4.4102e-01,-7.5313e-02,-1.6310e+00,-3.6369e-01
-1.7171e+00,4.8786e-01,-1.1046e+00,2.1010e+00,-1.1109e+00
9.0297e-01,2.0677e-01,8.3815e-01,-1.9565e-01,1.4625e-01
8.0305e-04,2.0677e-01,1.6873e+00,4.0526e-03,-8.0096e-01
-2.9672e-01,4.7849e-01,-3.0818e-01,1.0425e+00,3.2344e-01
-5.9520e-01,-1.0816e+00,1.3618e+00,2.6492e-01,6.2797e-01
2.3426e+00,3.4732e-01,1.9575e+00,-2.0055e+00,1.5704e+00
1.0460e+00,-1.6718e+00,-3.6222e-01,-2.2311e-01,1.4004e+00
-7.4300e-01,1.9272e-01,1.3296e+00,-1.7943e-01,-7.8955e-01
3.0792e-01,-1.6801e-01,3.7499e-01,-1.0569e+00,6.1564e-02
-6.4415e-01,5.3268e-03,1.1984e+00,1.4759e-01,8.5261e-01
-3.0536e-01,-1.1003e+00,1.9229e-01,1.4394e+00,-2.9582e-01
2.4031e+00,-1.8639e+00,-1.5536e+00,1.4981e+00,1.2388e+00
-6.4511e-01,5.3268e-03,1.1958e+00,1.4634e-01,1.0887e+00
1.5172e+00,2.0677e-01,-1.1316e+00,-8.2098e-01,1.8154e+00
1.0460e+00,-1.6718e+00,-3.6222e-01,-2.2311e-01,2.8125e+00
2.4865e+00,-9.1758e-01,1.0569e+00,-1.2191e+00,1.5686e+00
1.5844e+00,-9.1758e-01,-7.5313e-02,-7.6980e-01,1.2767e+00
7.4941e-01,-1.2924e+00,-3.9696e-01,3.4105e-01,1.7028e-01
-6.4703e-01,-1.2643e+00,1.0221e+00,2.2775e-02,6.1055e-01
-7.4300e-01,1.0266e+00,-1.2163e-01,-1.7933e+00,-9.7515e-01
-2.9672e-01,4.7849e-01,-3.0818e-01,1.0425e+00,-1.6389e+00
-5.6782e-02,-9.1758e-01,-1.8379e+00,-1.0828e-01,2.4305e+00
2.2922e-01,6.7526e-01,-1.7309e-01,-8.5468e-01,-3.3967e-01
-1.3563e+00,4.8786e-01,9.5395e-01,4.1470e-01,5.3607e-01
-1.2085e+00,5.3471e-01,9.5395e-01,-9.5703e-01,-1.0508e+00
9.0297e-01,-2.5760e+00,-1.5536e+00,2.7325e+00,-4.0694e-01
-6.4415e-01,5.3268e-03,1.1984e+00,1.4759e-01,-1.3572e+00
4.1062e-01,1.0371e-01,-3.8795e-01,-1.4201e+00,-4.4898e-01
-2.5833e-01,7.6895e-01,-6.2447e-02,1.1149e+00,-4.8923e-01
1.0335e+00,-1.1097e+00,-1.5536e+00,1.8975e+00,8.9646e-01
-3.5667e-02,-9.7849e-01,1.1431e+00,1.1015e-01,-3.1984e-01
2.3402e-01,1.0266e+00,-9.5898e-02,-1.7808e+00,-1.2995e+00
-4.3108e-01,4.8786e-01,-3.2646e-03,-3.0674e-01,-1.7389e-01
-8.5337e-01,4.8786e-01,-5.5392e-01,-7.1863e-01,2.1293e-01
4.1062e-01,1.0371e-01,-3.8795e-01,-1.4201e+00,8.4240e-01
2.2154e-01,2.1744e+00,-5.2561e-01,-1.2940e+00,9.1147e-01
2.9595e-02,-1.2116e-01,-1.6835e+00,3.4105e-01,-6.9945e-01
-1.3870e+00,-4.6784e-01,-6.4655e-01,-1.1577e-01,-4.0273e-01
1.3828e+00,-1.3158e+00,-1.5536e+00,1.4157e+00,1.4725e+00
-4.7139e-01,-3.5541e-01,1.0749e+00,6.0220e-02,-1.2214e+00
-4.0997e-01,1.9272e-01,8.7161e-01,-4.9147e-01,-5.3247e-01
5.4690e-01,-3.1324e-01,-3.6222e-01,-2.2311e-01,-7.0125e-01
9.5095e-01,2.1744e+00,-5.2561e-01,-2.2426e+00,-1.7749e-01
1.8627e+00,-9.1758e-01,9.1535e-01,-1.3939e+00,1.3662e+00
-2.7752e-01,5.8156e-01,-1.7736e+00,5.9069e-01,-1.4265e-01
2.4031e+00,-1.8639e+00,-1.5536e+00,1.4981e+00,6.6821e-01
-8.3898e-01,1.9272e-01,3.2610e-01,-8.6591e-01,-1.8890e-01
-3.0536e-01,-1.1003e+00,1.9229e-01,1.4394e+00,9.1808e-01
-2.8328e-01,5.3003e-01,9.1020e-01,-2.4183e-01,-1.5046e-01
-1.1019e+00,-2.3828e-01,1.1032e+00,8.0190e-02,-1.3425e-01
-2.9672e-01,1.9381e-02,1.6358e+00,5.7820e-01,-1.3842e+00
7.8396e-01,-7.8172e-01,-3.6222e-01,-2.2311e-01,-2.8533e-02
-8.6969e-01,-7.0208e-01,1.3657e+00,3.1484e-01,-2.4356e-01
-7.4300e-01,1.0266e+00,-1.2163e-01,-1.7933e+00,3.5468e-01
-6.7390e-01,1.9272e-01,5.3345e-02,-1.0531e+00,-8.3820e-01
-1.2277e+00,4.8786e-01,-1.0917e+00,2.1147e+00,-1.0700e+00
-1.1125e+00,-8.3326e-01,4.2130e-01,1.5880e+00,-1.1349e+00
-1.0357e+00,4.8786e-01,-3.3520e-01,1.0375e+00,-1.4647e+00
1.8627e+00,2.1744e+00,-5.2561e-01,-2.2426e+00,3.8771e-01
1.4068e+00,2.1744e+00,-5.2561e-01,-2.2426e+00,-4.1747e-02
-4.1189e-01,2.0677e-01,1.8803e+00,1.9128e-01,-1.4250e+00
-2.9672e-01,2.7236e-01,-2.0526e-01,1.0924e+00,3.9492e-01
-1.4196e+00,4.8786e-01,-5.8480e-01,8.1785e-01,4.8950e-02
1.0757e+00,4.8786e-01,-4.1497e-01,1.4884e-01,-4.8262e-01
3.3767e-01,1.9272e-01,5.3345e-02,-1.0531e+00,-6.8083e-01
9.7015e-01,2.0677e-01,9.5395e-01,-4.3280e-01,9.8804e-02
8.9100e-02,1.9272e-01,3.2610e-01,-8.6591e-01,-8.3580e-01
4.9987e-01,4.8786e-01,-5.3591e-01,8.6029e-01,-1.2106e+00
-3.2743e-01,-1.7936e+00,1.4660e+00,3.3981e-01,3.8711e-01
-1.0837e+00,-2.8009e+00,1.1045e+00,8.0190e-02,2.0752e-01
-1.0952e+00,1.0266e+00,3.5333e-02,-1.0119e+00,-1.7344e+00
1.5844e+00,-9.1758e-01,-7.5313e-02,-7.6980e-01,2.1172e-01
-1.1019e+00,-2.3828e-01,1.1032e+00,8.0190e-02,-8.5502e-01
1.4189e-01,-4.7253e-01,-2.2842e-01,1.0675e+00,2.5017e-01
-8.2746e-01,-5.3343e-01,3.2353e-01,1.5992e+00,4.5739e-01
-6.4703e-01,-1.2643e+00,1.0221e+00,2.2775e-02,-1.2464e-01
-8.7257e-01,2.1744e+00,-5.2561e-01,-1.2940e+00,3.9372e-01
7.1102e-01,-1.7140e+00,-7.5313e-02,1.2148e+00,4.9583e-01
1.0757e+00,4.8786e-01,-4.2269e-01,-1.9565e-01,2.2854e-01
9.6439e-01,1.9272e-01,1.6950e+00,1.3261e-01,-1.2755e+00
9.5095e-01,2.1744e+00,-5.2561e-01,-1.2940e+00,1.0058e+00
1.3828e+00,-1.4142e+00,-4.7415e-01,3.7475e-01,1.8575e+00
2.9595e-02,-6.3649e-01,-3.6715e-02,2.5368e-01,3.0963e-01
9.9894e-01,2.0677e-01,-8.8178e-02,-1.3324e-01,-7.5411e-01
-1.2104e+00,5.4877e-01,9.5909e-01,-9.6077e-01,-1.0502e+00
-1.1019e+00,-2.3828e-01,1.1032e+00,8.0190e-02,-6.1836e-01
-1.0933e+00,-8.2389e-01,4.4318e-01,-4.4626e-02,-1.7269e-01
-9.4935e-01,-5.3343e-01,1.1135e+00,8.7679e-02,-8.5742e-01
-2.7944e-01,-1.6625e+00,4.2645e-01,1.5742e+00,-1.4506e-01
1.8051e+00,-2.0513e+00,-1.5536e+00,8.3408e-01,2.0137e+00
-6.6142e-01,-1.0581e+00,1.4480e+00,3.2233e-01,-2.6579e-01
-7.9816e-02,8.0175e-01,-5.3462e-01,-1.4323e-01,-2.1173e-01
4.8068e-01,4.8786e-01,6.7090e-01,5.9069e-01,2.1653e-01
-1.1624e+00,-6.1776e-01,9.8354e-01,-1.0669e+00,2.2133e-01
-4.1669e-01,2.1744e+00,-5.2561e-01,-2.2426e+00,1.5827e-01
-2.9480e-01,1.0266e+00,6.1064e-02,-9.9322e-01,-9.8656e-01
4.1062e-01,1.0371e-01,-3.8795e-01,-1.4201e+00,2.6684e+00
9.5095e-01,2.1744e+00,-5.2561e-01,-2.2426e+00,2.8741e-01
-5.3666e-01,-2.7467e-02,1.8031e+00,7.4046e-01,-1.1073e+00
-7.7896e-02,1.9272e-01,5.0879e-01,-7.4110e-01,-2.6398e-01
-1.1125e+00,-8.3326e-01,4.2130e-01,1.5880e+00,-1.2839e+00
1.8627e+00,-2.2782e-02,-1.5536e+00,9.7664e-02,2.1938e+00
-2.7752e-01,1.5993e-01,1.7774e+00,1.2887e-01,-9.6614e-01
-1.2613e+00,-2.7108e-01,-1.6218e+00,1.4856e+00,-1.6908e-01
-1.3524e+00,8.6265e-01,-7.3147e-01,-2.5806e-01,3.9941e-02
-1.0751e+00,-1.0909e+00,1.3888e+00,2.8114e-01,2.0271e-01
1.5628e-01,-3.1793e-01,6.4260e-01,-2.5182e-01,6.9824e-01
-3.5667e-02,-9.7849e-01,1.1431e+00,1.1015e-01,7.1686e-01
-1.2267e+00,-1.4459e-01,3.7370e-01,-1.0606e+00,-6.1356e-01
6.5343e-01,4.8786e-01,9.5395e-01,4.1470e-01,-1.2448e+00
-4.5220e-01,7.6427e-01,-3.3263e-01,9.8011e-01,-1.5253e+00
7.8396e-01,-7.8172e-01,-3.6222e-01,-2.2311e-01,2.1338e+00
-6.6142e-01,1.0266e+00,7.0280e-03,-2.9550e-01,2.3575e-01
1.6588e-01,1.3171e+00,-1.1998e+00,-3.6790e-01,-2.3395e-01
1.0181e+00,-1.1518e+00,-4.4842e-01,8.9024e-01,6.5500e-01
-5.6161e-01,3.6137e-01,-7.4026e-02,1.2060e+00,-1.4533e+00
7.4941e-01,-1.2924e+00,-3.9696e-01,3.4105e-01,-7.2888e-01
-1.1413e+00,1.6122e+00,-1.9408e+00,-1.6934e+00,2.4416e-01
2.1026e+00,8.6265e-01,1.9575e+00,-2.0055e+00,-1.3896e+00
-4.1189e-01,2.0677e-01,1.8803e+00,1.9128e-01,-1.0953e+00
2.4865e+00,-4.0225e-01,1.9575e+00,-2.0055e+00,1.8941e+00
-4.7139e-01,-3.5541e-01,1.0749e+00,6.0220e-02,4.1594e-01
-1.4316e-01,2.1744e+00,-5.2561e-01,-1.2940e+00,7.7633e-01
1.1141e+00,1.5993e-01,8.6389e-01,-4.9521e-01,1.9911e-01
1.3828e+00,-1.3158e+00,-1.5536e+00,1.4157e+00,8.0636e-01
-1.1758e+00,1.7856e+00,-9.6691e-01,-7.5857e-01,-1.6359e+00
-1.5194e+00,1.0266e+00,-1.8853e-01,3.2982e-01,-6.8984e-01
2.3402e-01,1.0266e+00,-9.5898e-02,-1.7808e+00,1.1307e+00
-1.1989e+00,-7.4315e-02,6.3230e-01,-9.4455e-01,9.5200e-02
-1.2853e+00,9.5635e-01,-1.4519e+00,6.9054e-01,-9.4812e-01
-1.2661e+00,-2.6171e-01,-1.6192e+00,1.4894e+00,-1.6908e-01
2.0163e+00,9.0950e-01,-1.9408e+00,-9.3206e-01,1.3301e+00
4.3269e-01,8.1580e-01,-2.2110e+00,2.2872e-01,2.9461e-01
-1.0357e+00,4.8786e-01,-3.3520e-01,1.0375e+00,-2.2074e-01
4.9987e-01,4.8786e-01,-5.3591e-01,8.6029e-01,-2.2855e-01
-4.2149e-01,3.0645e+00,-1.5420e+00,-9.8199e-01,-4.2916e-01
-1.0751e+00,-1.0909e+00,1.3888e+00,2.8114e-01,7.4329e-01
-1.5276e-01,6.2841e-01,-1.7993e+00,2.0376e-01,3.4627e-01
-7.4300e-01,1.9272e-01,1.3296e+00,-1.7943e-01,-1.4304e+00
-6.5662e-01,-1.0441e+00,4.4961e-01,1.6217e+00,4.2916e-01
-1.2315e+00,8.6265e-01,3.7242e-01,-1.1205e+00,-5.3547e-01
-1.1125e+00,-8.3326e-01,4.2130e-01,1.5880e+00,1.3124e-01
2.7913e-01,4.8786e-01,-3.6715e-02,9.5265e-01,1.4025e-01
1.9107e+00,4.8786e-01,-4.7415e-01,-6.5747e-01,-6.8383e-01
1.8051e+00,-2.0513e+00,-1.5536e+00,8.3408e-01,1.1487e+00
2.7913e-01,4.8786e-01,-3.6715e-02,9.5265e-01,-6.5772e-02
-1.2085e+00,5.3471e-01,-1.2332e+00,1.1773e+00,-7.1987e-01
1.9107e+00,4.8786e-01,-4.7158e-01,-7.6731e-01,4.9042e-01
1.1602e+00,-1.6016e+00,-3.3520e-01,9.7886e-01,1.9656e+00
1.5844e+00,-9.1758e-01,-7.5313e-02,-7.6980e-01,-6.4599e-01
2.5034e-01,5.3471e-01,-6.2447e-02,4.7835e-01,-1.3956e+00
1.3517e-01,1.5993e-01,1.2370e+00,-5.8355e-02,-1.2598e+00
-3.6627e-02,-9.8317e-01,1.3461e-02,1.2722e+00,-7.5891e-01
3.0792e-01,-1.6801e-01,-7.1860e-01,-1.8317e-01,1.0010e+00
1.5844e+00,-9.1758e-01,-7.5313e-02,-7.6980e-01,1.1409e+00
-1.2104e+00,5.4877e-01,9.5909e-01,-9.6077e-01,-1.4004e+00
2.0163e+00,9.0950e-01,-1.9408e+00,-9.3206e-01,1.2884e-01
6.6303e-01,2.0677e-01,9.9254e-01,-4.5874e-02,-9.3070e-01
-1.1125e+00,-3.0387e-01,4.2388e-01,-3.3794e-01,1.0779e+00
-1.9115e-01,9.0950e-01,-1.4005e+00,-1.5821e-01,-2.0272e-01
-5.7696e-01,1.9272e-01,1.0569e+00,-3.6665e-01,-6.0215e-01
-1.0837e+00,-2.8009e+00,1.1045e+00,8.0190e-02,-1.7569e-01
9.7015e-01,2.0677e-01,1.7774e+00,1.2887e-01,-1.4599e+00
-1.0751e+00,-1.0909e+00,1.3888e+00,2.8114e-01,-7.3669e-01
-1.0309e+00,-7.8641e-01,4.2902e-01,2.4744e-01,-1.6608e-01
-1.0415e+00,-1.1612e+00,4.3031e-01,1.0325e+00,-1.2524e-01
-1.1701e+00,-3.0856e-01,-2.5543e-01,-6.6995e-01,-4.8622e-01
4.2309e-01,1.1308e-01,1.1598e+00,1.1639e-01,-3.1264e-01
-2.7944e-01,-1.6625e+00,4.2645e-01,1.5742e+00,-1.1022e-01
3.8470e-01,3.9417e-01,-1.3233e+00,4.0526e-03,1.2875e+00
1.4068e+00,2.1744e+00,-5.2561e-01,-2.2426e+00,3.6429e-01
-8.2746e-01,-5.3343e-01,3.2353e-01,1.5992e+00,-6.9044e-01
-1.3937e+00,1.9272e-01,1.3296e+00,-1.7943e-01,-1.6977e+00
-1.3064e+00,-3.6837e-02,8.5509e-02,4.7211e-01,-1.3560e+00
1.3732e+00,-1.6801e-01,-1.1689e+00,-2.9550e-01,-2.2614e-01
-9.3111e-01,1.0266e+00,-1.7567e-01,3.2857e-01,-7.0426e-01
-1.3400e+00,1.0266e+00,-1.3557e-02,-3.1423e-01,-1.5247e+00
-6.6046e-01,-6.0261e-02,1.0903e+00,7.0205e-02,-6.5320e-01
-7.9003e-01,4.8786e-01,7.1357e-02,6.4685e-01,5.1205e-01
-1.2085e+00,5.3471e-01,9.5395e-01,-9.5703e-01,-1.4004e+00
-2.4393e-01,1.9272e-01,6.9149e-01,-6.1628e-01,-2.2374e-01
-6.5662e-01,-1.0441e+00,4.4961e-01,1.6217e+00,-1.3355e+00
1.0181e+00,-1.1518e+00,-4.4842e-01,8.9024e-01,6.0815e-01
-4.5028e-01,3.4732e-01,1.0481e-01,-1.7069e-01,2.1172e-01
-8.2746e-01,-7.4893e-01,4.3160e-01,1.6504e+00,-6.0395e-01
-5.6782e-02,6.6230e-02,1.4814e+00,4.2843e-01,-1.2959e+00
7.8396e-01,-7.8172e-01,-3.6222e-01,-2.2311e-01,2.1338e+00
3.9430e-01,1.0032e+00,1.4747e-02,3.2857e-01,-3.7150e-01
1.1141e+00,-6.8334e-01,-7.5313e-02,-1.7558e+00,1.1938e+00
9.7015e-01,1.5993e-01,9.5395e-01,-4.3280e-01,9.8804e-02
-1.1125e+00,-8.3326e-01,4.2130e-01,1.5880e+00,4.7148e-02
-8.7944e-03,-4.4910e-01,-1.9022e+00,3.9098e-01,1.0238e+00
9.5095e-01,2.1744e+00,-5.2561e-01,-1.2940e+00,1.0292e+00
2.0235e-01,1.0032e+00,1.4747e-02,5.4076e-01,-8.4240e-01
5.5746e-01,1.5993e-01,1.2370e+00,-2.4558e-01,-8.7784e-01
-4.5220e-01,7.6427e-01,-3.3263e-01,9.8011e-01,-7.7693e-01
-1.1125e+00,-3.0387e-01,4.2388e-01,-3.3794e-01,-1.6127e-01
-1.2267e+00,-1.4459e-01,-1.3593e+00,6.2813e-01,-5.7332e-01
9.0297e-01,-2.5760e+00,-1.5536e+00,2.7325e+00,1.2568e+00
-4.8867e-01,6.5183e-01,7.2751e-01,-1.8816e-01,-1.5464e+00
-9.4935e-01,-5.3343e-01,1.1135e+00,8.7679e-02,7.7453e-01
3.1752e-01,-5.4280e-01,-6.1567e-01,1.1639e-01,1.6127e-01
-6.4703e-01,-1.0488e+00,9.1020e-01,-2.2159e-02,9.3009e-01
2.3426e+00,3.4732e-01,1.9575e+00,-2.0055e+00,1.8821e+00
-1.0952e+00,1.0266e+00,3.5333e-02,-1.0119e+00,4.6820e-01
2.2562e+00,-9.1758e-01,-2.2110e+00,3.5354e-01,3.3606e-01
-5.0786e-01,1.9272e-01,-2.1941e-01,-1.2404e+00,2.3575e-01
-2.7752e-01,1.5993e-01,1.7774e+00,1.2887e-01,-9.6614e-01
9.7015e-01,2.0677e-01,9.5395e-01,-4.3280e-01,-7.0726e-01
-4.1669e-01,2.1744e+00,-5.2561e-01,-2.2426e+00,1.9371e-01
-5.6782e-02,6.6230e-02,1.4814e+00,4.2843e-01,-6.7723e-01
3.1080e-01,-2.8513e-01,9.5266e-01,-2.0205e+00,-4.1895e-01
5.5746e-01,7.2211e-01,-6.2447e-02,9.1423e-02,-2.2434e-01
-5.7696e-01,1.9272e-01,1.0569e+00,-3.6665e-01,-1.3626e+00
-1.0933e+00,1.5993e-01,-9.6305e-01,-1.7184e+00,-7.1387e-01
-3.7587e-02,4.4102e-01,-6.2447e-02,1.0275e+00,-5.8893e-01
-3.2743e-01,-1.7936e+00,1.4660e+00,3.3981e-01,-7.3609e-01
5.5746e-01,1.5993e-01,1.1212e+00,-2.4558e-01,-2.4777e-01
-6.3359e-01,-1.2174e+00,5.3324e-01,8.6431e-02,1.6968e-01
7.8396e-01,-7.8172e-01,-3.6222e-01,-2.2311e-01,-2.8533e-02
7.4941e-01,-1.2924e+00,-3.9696e-01,3.4105e-01,1.6316e+00
-9.5031e-01,1.9272e-01,5.0879e-01,-7.4110e-01,-1.4058e+00
2.2946e+00,-3.0856e-01,-1.3233e+00,3.9098e-01,9.1568e-01
-1.4004e+00,-7.4315e-02,-1.5251e-01,3.9098e-01,-1.3505e+00
-3.7587e-02,4.4102e-01,-6.2447e-02,1.0275e+00,-1.4665e+00
9.0297e-01,-2.5760e+00,-1.5536e+00,2.7325e+00,1.4671e+00
-4.3108e-01,5.8156e-01,-6.2447e-02,1.3895e+00,-1.7602e+00
9.1256e-01,1.5466e+00,3.9429e-01,-1.4073e-01,-2.2855e-01
-1.0616e+00,1.9272e-01,6.9149e-01,-6.1628e-01,-6.0335e-01
1.3828e+00,-1.3158e+00,-1.5536e+00,1.4157e+00,1.7133e+00
8.9625e-01,4.0354e-01,5.1908e-01,-5.4014e-01,1.9731e-01
-9.4935e-01,-5.3343e-01,1.1135e+00,8.7679e-02,-1.7091e+00
-9.5511e-01,-5.6154e-01,1.0646e+00,5.1482e-02,5.7631e-01
7.4941e-01,-1.2924e+00,-3.9696e-01,3.4105e-01,-1.5036e-03
-2.7752e-01,1.5993e-01,1.7774e+00,1.2887e-01,-1.3253e+00
-1.0415e+00,-1.1612e+00,4.3031e-01,1.0325e+00,1.1442e-01
1.3828e+00,-1.3158e+00,-1.5536e+00,1.4157e+00,-1.4265e-01
-1.1413e+00,-1.3053e-01,-1.7337e+00,-4.0285e-01,-1.2103e-01
4.8068e-01,4.8786e-01,6.7090e-01,5.9069e-01,-1.1013e+00
-1.2277e+00,8.6265e-01,3.7499e-01,-1.1193e+00,-5.3547e-01
1.1141e+00,1.9272e-01,8.7161e-01,-4.9147e-01,-6.2017e-01
-4.1093e-01,1.9272e-01,1.8777e+00,1.9502e-01,-1.0929e+00
-4.9155e-01,6.3778e-01,7.1078e-01,-2.0065e-01,-6.7482e-01
7.8396e-01,-7.8172e-01,-3.6222e-01,-2.2311e-01,-2.8533e-02
-3.7587e-02,4.4102e-01,-3.4549e-01,-1.3440e+00,4.6820e-01
-1.2373e+00,-6.3649e-01,-3.7122e-01,-9.8199e-01,3.4535e-02
-1.1163e+00,6.4194e-04,6.4903e-01,-5.5887e-01,-1.0658e+00
1.3828e+00,-1.4142e+00,-4.7415e-01,3.7475e-01,3.1532e-02
-1.2277e+00,-1.6801e-01,-1.3619e+00,6.2813e-01,-5.7332e-01
1.5844e+00,-9.1758e-01,-7.5313e-02,-7.6980e-01,1.0580e+00
-1.4196e+00,4.8786e-01,-5.8480e-01,8.1785e-01,-4.7481e-01
9.1019e-02,-6.3181e-01,-1.4993e-01,1.1399e+00,-6.2169e-02
2.0235e-01,1.0032e+00,1.4747e-02,5.4076e-01,-5.4268e-01
1.8051e+00,-2.0513e+00,-1.5536e+00,8.3408e-01,2.0977e+00
1.5628e-01,-3.1793e-01,6.4260e-01,-2.5182e-01,1.2592e+00
-2.4873e-01,4.8786e-01,-1.0685e+00,2.1384e+00,-1.0226e+00
-2.0170e-01,-5.1469e-01,-4.7801e-01,-1.3449e-01,8.4060e-01
-2.9480e-01,1.0266e+00,6.1064e-02,-9.9322e-01,7.1174e-02
-2.8328e-01,5.3003e-01,9.1020e-01,-2.4183e-01,2.6278e-01
-5.6161e-01,3.6137e-01,-7.4026e-02,1.2060e+00,-6.8023e-01
5.5746e-01,7.2211e-01,-6.2447e-02,9.1423e-02,-5.2466e-01
-1.2901e+00,9.5166e-01,-1.4519e+00,6.9678e-01,-9.4812e-01
2.4031e+00,-1.8639e+00,-1.5536e+00,1.4981e+00,3.3185e-01
4.9987e-01,-6.8334e-01,2.9779e-01,-1.5187e+00,6.9104e-01
-1.7171e+00,4.8786e-01,-1.1046e+00,2.1010e+00,-1.8743e+00
-1.2661e+00,6.1545e-02,-2.5029e-01,8.2686e-02,-7.3609e-01
9.5095e-01,2.1744e+00,-5.2561e-01,-1.2940e+00,1.0526e+00
-1.4292e+00,-1.2116e-01,-1.3619e+00,-4.7025e-01,-1.4866e-01
-1.4292e+00,-1.2585e-01,-1.3632e+00,-4.7524e-01,-1.4806e-01
